4.0,2019-08-16 12:06:35.727,-0.0301055908203125,0.0116424560546875,-1.0029449462890625,0.045677999999999996
4.0,2019-08-16 12:06:35.827,-0.0227508544921875,0.0129852294921875,-1.0038909912109375,0.046079
4.0,2019-08-16 12:06:35.927,-0.03961181640625,0.0027618408203125,-0.9954681396484376,0.044649
4.0,2019-08-16 12:06:36.027,-0.0335693359375,0.00933837890625,-0.988922119140625,0.040999
4.0,2019-08-16 12:06:36.127,-0.032012939453125,0.006103515625,-1.0029296875,0.036423000000000004
4.0,2019-08-16 12:06:36.226,-0.0302581787109375,0.00823974609375,-0.996551513671875,0.031483
4.0,2019-08-16 12:06:36.326,-0.030059814453125,0.0047149658203125,-0.997406005859375,0.025993000000000002
4.0,2019-08-16 12:06:36.427,-0.039703369140625,0.0104217529296875,-1.0073394775390625,0.020015
4.0,2019-08-16 12:06:36.526,-0.0421142578125,0.0064544677734375,-0.99810791015625,0.013094999999999999
4.0,2019-08-16 12:06:36.626,-0.039794921875,0.005401611328125,-1.0024871826171875,0.0092306
4.0,2019-08-16 12:06:36.726,-0.037322998046875,0.00933837890625,-1.0022735595703125,0.0072503
4.0,2019-08-16 12:06:36.826,-0.040191650390625,0.0060272216796875,-0.998077392578125,0.0081101
4.0,2019-08-16 12:06:36.925,-0.0411834716796875,0.0101776123046875,-0.9980010986328124,0.0079996
4.0,2019-08-16 12:06:37.026,-0.0394134521484375,0.011993408203125,-0.9965057373046876,0.007313600000000001
4.0,2019-08-16 12:06:37.125,-0.054962158203125,0.0026702880859375,-1.0000152587890625,0.0063403
4.0,2019-08-16 12:06:37.225,-0.0497283935546875,0.0135955810546875,-1.002288818359375,0.0089736
4.0,2019-08-16 12:06:37.325,-0.0582122802734375,-0.0008544921875,-1.0000152587890625,0.015793
4.0,2019-08-16 12:06:37.425,-0.0742645263671875,0.0028839111328125,-0.9990081787109376,0.023011
4.0,2019-08-16 12:06:37.525,-0.076812744140625,-0.0082244873046875,-1.01141357421875,0.029338
4.0,2019-08-16 12:06:37.625,-0.065521240234375,0.0037384033203125,-0.99395751953125,0.035363
4.0,2019-08-16 12:06:37.725,-0.037994384765625,0.0399322509765625,-0.981781005859375,0.040128
4.0,2019-08-16 12:06:37.824,-0.0361175537109375,0.0363922119140625,-1.0004730224609375,0.043298
4.0,2019-08-16 12:06:37.924,-0.0883636474609375,0.0026092529296875,-1.0018157958984375,0.044216000000000005
4.0,2019-08-16 12:06:38.023,-0.117401123046875,0.0135955810546875,-0.9860076904296876,0.042119
4.0,2019-08-16 12:06:38.124,-0.0782623291015625,0.015960693359375,-1.0045928955078125,0.038492
4.0,2019-08-16 12:06:38.223,-0.032562255859375,0.00250244140625,-1.0058746337890625,0.033007
4.0,2019-08-16 12:06:38.323,0.0258636474609375,-0.0455780029296875,-0.9842071533203124,0.027108999999999998
4.0,2019-08-16 12:06:38.423,-0.02001953125,0.0672607421875,-1.0129852294921875,0.020425
4.0,2019-08-16 12:06:38.522,-0.020294189453125,-0.0154266357421875,-0.9969482421875,0.013143
4.0,2019-08-16 12:06:38.623,-0.0496063232421875,-0.02947998046875,-1.001708984375,0.012583
4.0,2019-08-16 12:06:38.722,-0.0861053466796875,-0.015716552734375,-0.97772216796875,0.013328999999999999
4.0,2019-08-16 12:06:38.822,-0.0715484619140625,-0.0520782470703125,-1.0168304443359375,0.01793
4.0,2019-08-16 12:06:38.922,0.0005340576171875,0.0260772705078125,-0.9976959228515624,0.021443
4.0,2019-08-16 12:06:39.022,-0.0008544921875,-0.0202178955078125,-0.9625244140625,0.026985000000000002
4.0,2019-08-16 12:06:39.121,-0.07330322265625,0.0306854248046875,-0.9910125732421876,0.032682
4.0,2019-08-16 12:06:39.222,-0.0983428955078125,0.004608154296875,-1.0038909912109375,0.037821
4.0,2019-08-16 12:06:39.321,-0.073638916015625,0.005462646484375,-1.0006866455078125,0.042947000000000006
4.0,2019-08-16 12:06:39.421,-0.038116455078125,0.0250244140625,-0.9958038330078124,0.046952999999999995
4.0,2019-08-16 12:06:39.521,-0.01397705078125,0.0352325439453125,-1.0080718994140625,0.050038
4.0,2019-08-16 12:06:39.621,-0.0239105224609375,0.0430450439453125,-1.0104827880859375,0.050520999999999996
4.0,2019-08-16 12:06:39.720,-0.052520751953125,0.023956298828125,-1.002899169921875,0.048865
4.0,2019-08-16 12:06:39.820,-0.0546875,0.0068511962890625,-0.982513427734375,0.046102
4.0,2019-08-16 12:06:39.920,-0.0294647216796875,0.0242462158203125,-0.99700927734375,0.042822000000000006
4.0,2019-08-16 12:06:40.020,-0.02996826171875,0.02520751953125,-1.0008087158203125,0.037489999999999996
4.0,2019-08-16 12:06:40.121,-0.0397491455078125,0.0147552490234375,-1.009063720703125,0.031760000000000004
4.0,2019-08-16 12:06:40.219,-0.0332489013671875,0.00732421875,-0.9875640869140624,0.025428
4.0,2019-08-16 12:06:40.319,-0.034942626953125,0.028533935546875,-0.9962615966796876,0.020556
4.0,2019-08-16 12:06:40.419,-0.0351715087890625,0.0076141357421875,-1.008941650390625,0.016428
4.0,2019-08-16 12:06:40.519,-0.0251922607421875,0.0175628662109375,-0.9984588623046876,0.013627
4.0,2019-08-16 12:06:40.619,-0.04412841796875,0.0202789306640625,-1.0052947998046875,0.004444399999999999
4.0,2019-08-16 12:06:40.719,-0.033477783203125,0.01177978515625,-0.9985809326171876,0.0032153
4.0,2019-08-16 12:06:40.818,-0.038177490234375,0.0118560791015625,-1.0002288818359375,0.0021318
4.0,2019-08-16 12:06:40.918,-0.035064697265625,0.013580322265625,-0.993743896484375,0.0019928
4.0,2019-08-16 12:06:41.018,-0.0267791748046875,0.0182952880859375,-0.9929962158203124,0.00074633
4.0,2019-08-16 12:06:41.118,-0.0348663330078125,0.0207366943359375,-1.0079803466796875,0.00013644
,,,,,0.00059178
,,,,,0.00015104
,,,,,0.00040262
,,,,,0.00037197
,,,,,0.00050889
,,,,,0.00066985
,,,,,0.0013854000000000002
,,,,,0.0069759
,,,,,0.0077794
,,,,,0.010368
,,,,,0.014234
,,,,,0.017907
,,,,,0.020612000000000002
,,,,,0.024339
,,,,,0.027981
,,,,,0.030458
,,,,,0.030527
,,,,,0.028735000000000004
,,,,,0.027685
,,,,,0.026124
,,,,,0.024286000000000002
,,,,,0.02078
,,,,,0.017512
,,,,,0.014367
,,,,,0.012791
,,,,,0.01374
,,,,,0.012866999999999998
,,,,,0.0089931
,,,,,0.015615
,,,,,0.024447
,,,,,0.033232
,,,,,0.040652999999999995
,,,,,0.047985
,,,,,0.051916
,,,,,0.052695000000000006
,,,,,0.049429
,,,,,0.045752999999999995
,,,,,0.040570999999999996
,,,,,0.033484
,,,,,0.025125
,,,,,0.017555
,,,,,0.011899
,,,,,0.008702799999999998
,,,,,0.007272800000000001
,,,,,0.007703100000000001
,,,,,0.012573
,,,,,0.012092
,,,,,0.009254
,,,,,0.010188
,,,,,0.012256
,,,,,0.015777
,,,,,0.019646
,,,,,0.024281999999999998
,,,,,0.028288
,,,,,0.029979000000000002
,,,,,0.031314
,,,,,0.030992000000000002
,,,,,0.029523
,,,,,0.02632
,,,,,0.022762
,,,,,0.018631
,,,,,0.014496
,,,,,0.011239
,,,,,0.0082791
,,,,,0.0060284
,,,,,0.0038436
,,,,,0.0065018
,,,,,0.0092796
,,,,,0.013369999999999998
,,,,,0.014749000000000002
,,,,,0.015899
,,,,,0.015330000000000002
,,,,,0.015812
,,,,,0.015106999999999999
,,,,,0.014355000000000001
,,,,,0.013321000000000001
,,,,,0.010956
,,,,,0.0096898
,,,,,0.0086186
,,,,,0.0079027
,,,,,0.0056585
,,,,,0.0038899
,,,,,0.0032688
,,,,,0.0047501
,,,,,0.007003399999999999
,,,,,0.0094582
,,,,,0.010005
,,,,,0.011252
,,,,,0.010812
,,,,,0.012506
,,,,,0.013688999999999998
,,,,,0.016187
,,,,,0.017165
,,,,,0.018505
,,,,,0.018387
,,,,,0.018953
,,,,,0.02544
,,,,,0.027964
,,,,,0.033941000000000006
,,,,,0.04243
,,,,,0.053017999999999996
,,,,,0.06333
,,,,,0.071826
,,,,,0.075678
,,,,,0.075567
,,,,,0.071677
,,,,,0.066927
,,,,,0.06189
,,,,,0.054861
,,,,,0.045324
,,,,,0.034694
,,,,,0.023938
,,,,,0.014813999999999999
,,,,,0.0096616
,,,,,0.0098702
,,,,,0.011405
,,,,,0.012943000000000001
,,,,,0.017372
,,,,,0.024084
,,,,,0.032992
,,,,,0.041010000000000005
,,,,,0.049232
,,,,,0.055528999999999995
,,,,,0.059942999999999996
,,,,,0.060429
,,,,,0.058194
,,,,,0.055999
,,,,,0.05384
,,,,,0.049854
,,,,,0.042428
,,,,,0.034408999999999995
,,,,,0.032367
,,,,,0.027507
,,,,,0.026488
,,,,,0.028377999999999997
,,,,,0.034317
,,,,,0.034133
,,,,,0.040520999999999995
,,,,,0.045377999999999995
,,,,,0.049404
,,,,,0.051764
,,,,,0.052323
,,,,,0.050608999999999994
,,,,,0.048414
,,,,,0.043947
,,,,,0.038807999999999995
,,,,,0.032582
,,,,,0.026808999999999996
,,,,,0.021375
,,,,,0.016768
,,,,,0.014209000000000001
,,,,,0.010449
,,,,,0.010338
,,,,,0.0098248
,,,,,0.009201299999999999
,,,,,0.008015999999999999
,,,,,0.0076143999999999995
,,,,,0.0072959
,,,,,0.008068200000000001
,,,,,0.0094358
,,,,,0.010008
,,,,,0.010401
,,,,,0.009958499999999999
,,,,,0.009926299999999999
,,,,,0.009779600000000001
,,,,,0.010476000000000001
,,,,,0.010094
,,,,,0.010325
,,,,,0.010425
,,,,,0.010047
,,,,,0.0099605
,,,,,0.008717200000000001
,,,,,0.0081003
,,,,,0.006246
,,,,,0.0056761
,,,,,0.0059015
,,,,,0.0069315
,,,,,0.0088493
,,,,,0.009623
,,,,,0.011241
,,,,,0.011217
,,,,,0.012183
,,,,,0.011503
,,,,,0.0096834
,,,,,0.007251100000000001
,,,,,0.0058725
,,,,,0.0040285
,,,,,0.0028336
,,,,,0.008256600000000001
,,,,,0.015823
,,,,,0.022618
,,,,,0.030619999999999998
,,,,,0.037665
,,,,,0.04462
,,,,,0.049395999999999995
,,,,,0.051716
,,,,,0.052113
,,,,,0.050773
,,,,,0.046350999999999996
,,,,,0.040438
,,,,,0.03238
,,,,,0.025457
,,,,,0.018566
,,,,,0.012853
,,,,,0.0074253
,,,,,0.0052458999999999995
,,,,,0.0062274999999999995
,,,,,0.010747
,,,,,0.011983
,,,,,0.015068000000000002
,,,,,0.021065
,,,,,0.031658
,,,,,0.045353
,,,,,0.05924600000000001
,,,,,0.072951
,,,,,0.084101
,,,,,0.092351
,,,,,0.09661
,,,,,0.09618600000000001
,,,,,0.090968
,,,,,0.08186399999999999
,,,,,0.069726
,,,,,0.055867999999999994
,,,,,0.042057
,,,,,0.029377999999999998
,,,,,0.019015
,,,,,0.012863999999999999
,,,,,0.0
,,,,,0.0
,,,,,0.0
,,,,,0.0
,,,,,0.0
,,,,,0.0
,,,,,0.0
,,,,,0.0
,,,,,0.0
,,,,,0.0
,,,,,0.0
,,,,,0.0
,,,,,0.0
,,,,,0.0
,,,,,0.0
,,,,,0.0
,,,,,0.0
,,,,,0.0
,,,,,0.0
,,,,,0.0
,,,,,0.0
,,,,,0.0
,,,,,0.0
,,,,,0.0
,,,,,0.0
,,,,,0.0
,,,,,0.0
,,,,,0.0
,,,,,0.0
,,,,,0.0
,,,,,0.0
,,,,,0.0
,,,,,0.0
,,,,,0.0
,,,,,0.0
,,,,,0.0
,,,,,0.0
,,,,,0.0
,,,,,0.0
,,,,,0.0
,,,,,0.0
,,,,,0.0
,,,,,0.0
,,,,,0.0
,,,,,0.0
,,,,,0.0
,,,,,0.0
,,,,,0.0
,,,,,0.0
,,,,,0.0
,,,,,0.0
,,,,,0.0
,,,,,0.0
,,,,,0.0
,,,,,0.0
,,,,,0.0
,,,,,0.0
,,,,,0.0
,,,,,0.0
,,,,,0.0
,,,,,0.0
,,,,,0.0
,,,,,0.0
,,,,,0.0
,,,,,0.0
,,,,,0.0
,,,,,0.0
,,,,,0.0
,,,,,0.0
,,,,,0.0
,,,,,0.0
,,,,,0.0
,,,,,0.0
,,,,,0.0
,,,,,0.0
,,,,,0.0
,,,,,0.0
,,,,,0.0
,,,,,0.0
,,,,,0.0
,,,,,0.0
,,,,,0.0
,,,,,0.0
,,,,,0.0
,,,,,0.0
,,,,,0.0
,,,,,0.0
,,,,,0.0
,,,,,0.0
,,,,,0.0
,,,,,0.0
,,,,,0.0
,,,,,0.0
,,,,,0.0
,,,,,0.0
,,,,,0.0
,,,,,0.0
,,,,,0.0
,,,,,0.0
,,,,,0.0
,,,,,0.0
,,,,,0.0
,,,,,0.0
,,,,,0.0
,,,,,0.0
,,,,,0.0
,,,,,0.0
,,,,,0.0
,,,,,0.0
,,,,,0.0
,,,,,0.0
,,,,,0.0
,,,,,0.0
,,,,,0.0
,,,,,0.0
,,,,,0.0
,,,,,0.0
,,,,,0.0
,,,,,0.0
,,,,,0.0
,,,,,0.0
,,,,,0.0
,,,,,0.0
,,,,,0.0
,,,,,0.0
,,,,,0.0
,,,,,0.0
,,,,,0.0
,,,,,0.0
,,,,,0.0
,,,,,0.0
,,,,,0.0
,,,,,0.0
,,,,,0.0
,,,,,0.0
,,,,,0.0
,,,,,0.0
,,,,,0.0
,,,,,0.0
,,,,,0.0
,,,,,0.0
,,,,,0.0
,,,,,0.0
,,,,,0.0
,,,,,0.0
,,,,,0.0
,,,,,0.0
,,,,,0.0
,,,,,0.0
,,,,,0.0
,,,,,0.0
,,,,,0.0
,,,,,0.0
,,,,,0.0
,,,,,0.0
,,,,,0.0
,,,,,0.0
,,,,,0.0
,,,,,0.0
,,,,,0.0
,,,,,0.0
,,,,,0.0
,,,,,0.0
,,,,,0.0
,,,,,0.0
,,,,,0.0
,,,,,0.0
,,,,,0.0
,,,,,0.0
,,,,,0.0
,,,,,0.0
,,,,,0.0
,,,,,0.0
,,,,,0.0
,,,,,0.0
,,,,,0.0
,,,,,0.0
,,,,,0.0
,,,,,0.0
,,,,,0.0
,,,,,0.0
,,,,,0.0
,,,,,0.0
,,,,,0.0
,,,,,0.0
,,,,,0.0
,,,,,0.0
,,,,,0.0
,,,,,0.0
,,,,,0.0
,,,,,0.0
,,,,,0.0
,,,,,0.0
,,,,,0.0
,,,,,0.0
,,,,,0.0
,,,,,0.0
,,,,,0.0
,,,,,0.0
,,,,,0.0
,,,,,0.0
,,,,,0.0
,,,,,0.0
,,,,,0.0
,,,,,0.0
,,,,,0.0
,,,,,0.0
,,,,,0.0
,,,,,0.0
,,,,,0.0
,,,,,0.0
,,,,,0.0
,,,,,0.0
,,,,,0.0
,,,,,0.0
,,,,,0.0
,,,,,0.0
,,,,,0.044347000000000004
,,,,,0.053001
,,,,,0.052501
,,,,,0.041087
,,,,,0.032623
,,,,,0.035828
,,,,,0.031836
,,,,,0.012419
,,,,,0.0089689
,,,,,0.015462
,,,,,0.0098773
,,,,,0.0023351999999999995
,,,,,0.013848
,,,,,0.020962
,,,,,0.018844
,,,,,0.017211
,,,,,0.036414999999999996
,,,,,0.047534
,,,,,0.041753
,,,,,0.042295
,,,,,0.057252
,,,,,0.061434
,,,,,0.0456
,,,,,0.037052999999999996
,,,,,0.045420999999999996
,,,,,0.039561
,,,,,0.018708000000000002
,,,,,0.008480799999999998
,,,,,0.016584
,,,,,0.010648999999999999
,,,,,0.015581999999999999
,,,,,0.0134
,,,,,0.018771
,,,,,0.037973
,,,,,0.044271
,,,,,0.039639
,,,,,0.050647000000000005
,,,,,0.06392300000000001
,,,,,0.063068
,,,,,0.054379
,,,,,0.058561
,,,,,0.061637
,,,,,0.048839999999999995
,,,,,0.035798
,,,,,0.035518
,,,,,0.033062
,,,,,0.020191
,,,,,0.009991700000000001
,,,,,0.016319
,,,,,0.011286
,,,,,0.011417
,,,,,0.0052628
,,,,,0.0066560000000000005
,,,,,0.010187
,,,,,0.0070965
,,,,,0.0012849
,,,,,0.008209200000000002
,,,,,0.011139
,,,,,0.007302199999999999
,,,,,0.0034369
,,,,,0.0094525
,,,,,0.012883000000000002
,,,,,0.012058
,,,,,0.0018302
,,,,,0.01645
,,,,,0.02103
,,,,,0.028463
,,,,,0.050786000000000005
,,,,,0.073464
,,,,,0.079621
,,,,,0.096195
,,,,,0.11734000000000001
,,,,,0.12375
,,,,,0.1194
,,,,,0.11867
,,,,,0.12030999999999999
,,,,,0.10478
,,,,,0.08340499999999999
,,,,,0.072132
,,,,,0.063901
,,,,,0.053163
,,,,,0.029967
,,,,,0.042355000000000004
,,,,,0.047366000000000005
,,,,,0.041417
,,,,,0.041588
,,,,,0.0635
,,,,,0.07736900000000001
,,,,,0.07216499999999999
,,,,,0.070108
,,,,,0.07776
,,,,,0.083856
,,,,,0.06775199999999999
,,,,,0.049277999999999995
,,,,,0.049471
,,,,,0.046225
,,,,,0.029483999999999996
,,,,,0.010062
,,,,,0.011268
,,,,,0.011231999999999999
,,,,,0.014222
,,,,,0.010372
,,,,,0.010911
,,,,,0.021123
,,,,,0.037491000000000003
,,,,,0.043016000000000006
,,,,,0.042572000000000006
,,,,,0.054733000000000004
,,,,,0.06753300000000001
,,,,,0.063957
,,,,,0.053382000000000006
,,,,,0.059054999999999996
,,,,,0.061313
,,,,,0.046662
,,,,,0.030285000000000003
,,,,,0.031779
,,,,,0.029664
,,,,,0.016269
,,,,,0.009050399999999998
,,,,,0.015216999999999998
,,,,,0.011559999999999999
,,,,,0.0098834
,,,,,0.0047947
,,,,,0.011796
,,,,,0.015402
,,,,,0.010156
,,,,,0.0056201
,,,,,0.013869
,,,,,0.017476
,,,,,0.013654
,,,,,0.0051585
,,,,,0.007254699999999999
,,,,,0.014288
,,,,,0.014393000000000001
,,,,,0.0069902
,,,,,0.0079649
,,,,,0.013734999999999999
,,,,,0.010795
,,,,,0.0099706
,,,,,0.016805
,,,,,0.015484999999999999
,,,,,0.006627199999999999
,,,,,0.0032116
,,,,,0.011085
,,,,,0.013713
,,,,,0.01154
,,,,,0.0080543
,,,,,0.007355700000000001
,,,,,0.009522399999999999
,,,,,0.0070536
,,,,,0.0041711000000000005
,,,,,0.018075
,,,,,0.019206
,,,,,0.017454
,,,,,0.03692
,,,,,0.054533000000000005
,,,,,0.060079999999999995
,,,,,0.067946
,,,,,0.089699
,,,,,0.097965
,,,,,0.085339
,,,,,0.08961799999999999
,,,,,0.09637899999999999
,,,,,0.078957
,,,,,0.058861000000000004
,,,,,0.054720000000000005
,,,,,0.048815
,,,,,0.028173
,,,,,0.0047501
,,,,,0.013677000000000002
,,,,,0.016966
,,,,,0.017700999999999998
,,,,,0.028769
,,,,,0.027698
,,,,,0.015218
,,,,,0.044377
,,,,,0.06904
,,,,,0.064569
,,,,,0.059112
,,,,,0.08369800000000001
,,,,,0.090019
,,,,,0.074564
,,,,,0.066208
,,,,,0.06661399999999999
,,,,,0.062713
,,,,,0.041753
,,,,,0.02568
,,,,,0.027522
,,,,,0.034347
,,,,,0.028256
,,,,,0.022663
,,,,,0.035473000000000005
,,,,,0.054594000000000004
,,,,,0.056901
,,,,,0.054329999999999996
,,,,,0.065307
,,,,,0.071662
,,,,,0.060978
,,,,,0.048161
,,,,,0.04734
,,,,,0.043483999999999995
,,,,,0.026396
,,,,,0.010997
,,,,,0.010813
,,,,,0.0083506
,,,,,0.005023
,,,,,0.0086507
,,,,,0.0033751999999999996
,,,,,0.0059879
,,,,,0.0059652
,,,,,0.0051909999999999994
,,,,,0.0065457
,,,,,0.007137899999999999
,,,,,0.0051032
,,,,,0.0038277999999999997
,,,,,0.0077492
,,,,,0.0096042
,,,,,0.0062324
,,,,,0.0045655
,,,,,0.012856
,,,,,0.014254
,,,,,0.0091824
,,,,,0.007949
,,,,,0.015880000000000002
,,,,,0.017121
,,,,,0.0085965
,,,,,0.005349100000000001
,,,,,0.012731999999999999
,,,,,0.011595999999999999
,,,,,0.0043563000000000004
,,,,,0.0072212000000000005
,,,,,0.0080068
,,,,,0.004342
,,,,,0.006993300000000001
,,,,,0.010537999999999999
,,,,,0.0087012
,,,,,0.004128199999999999
,,,,,0.0076159999999999995
,,,,,0.010097
,,,,,0.0085991
,,,,,0.0054497
,,,,,0.0047612999999999996
,,,,,0.006602899999999999
,,,,,0.014835
,,,,,0.01945
,,,,,0.019549
,,,,,0.027675
,,,,,0.044331999999999996
,,,,,0.052325
,,,,,0.052525999999999996
,,,,,0.05621
,,,,,0.063324
,,,,,0.064513
,,,,,0.055225
,,,,,0.049905
,,,,,0.047785
,,,,,0.036788
,,,,,0.021190999999999998
,,,,,0.020755000000000003
,,,,,0.022486000000000003
,,,,,0.012802000000000001
,,,,,0.0025209
,,,,,0.016515000000000002
,,,,,0.004767899999999999
,,,,,0.018817
,,,,,0.041551
,,,,,0.048829000000000004
,,,,,0.050463
,,,,,0.07546699999999999
,,,,,0.10105
,,,,,0.10332000000000001
,,,,,0.097355
,,,,,0.11030999999999999
,,,,,0.11855
,,,,,0.10176
,,,,,0.07950700000000001
,,,,,0.07584500000000001
,,,,,0.06725700000000001
,,,,,0.039368
,,,,,0.019992
,,,,,0.024794
,,,,,0.020765000000000002
,,,,,0.0
,,,,,0.0
,,,,,0.0
,,,,,0.0
,,,,,0.0
,,,,,0.0
,,,,,0.0
,,,,,0.0
,,,,,0.0
,,,,,0.0
,,,,,0.0
,,,,,0.0
,,,,,0.0
,,,,,0.0
,,,,,0.0
,,,,,0.0
,,,,,0.0
,,,,,0.0
,,,,,0.0
,,,,,0.0
,,,,,0.0
,,,,,0.0
,,,,,0.0
,,,,,0.0
,,,,,0.0
,,,,,0.0
,,,,,0.0
,,,,,0.0
,,,,,0.0
,,,,,0.0
,,,,,0.0
,,,,,0.0
,,,,,0.0
,,,,,0.0
,,,,,0.0
,,,,,0.0
,,,,,0.0
,,,,,0.0
,,,,,0.0
,,,,,0.0
,,,,,0.0
,,,,,0.0
,,,,,0.0
,,,,,0.0
,,,,,0.0
,,,,,0.0
,,,,,0.0
,,,,,0.0
,,,,,0.0
,,,,,0.0
,,,,,0.0
,,,,,0.0
,,,,,0.0
,,,,,0.0
,,,,,0.0
,,,,,0.0
,,,,,0.0
,,,,,0.0
,,,,,0.0
,,,,,0.0
,,,,,0.0
,,,,,0.0
,,,,,0.0
,,,,,0.0
,,,,,0.0
,,,,,0.0
,,,,,0.0
,,,,,0.0
,,,,,0.0
,,,,,0.0
,,,,,0.0
,,,,,0.0
,,,,,0.0
,,,,,0.0
,,,,,0.0
,,,,,0.0
,,,,,0.0
,,,,,0.0
,,,,,0.0
,,,,,0.0
,,,,,0.0
,,,,,0.0
,,,,,0.0
,,,,,0.0
,,,,,0.0
,,,,,0.0
,,,,,0.0
,,,,,0.0
,,,,,0.0
,,,,,0.0
,,,,,0.0
,,,,,0.0
,,,,,0.0
,,,,,0.0
,,,,,0.0
,,,,,0.0
,,,,,0.0
,,,,,0.0
,,,,,0.0
,,,,,0.0
,,,,,0.0
,,,,,0.0
,,,,,0.0
,,,,,0.0
,,,,,0.0
,,,,,0.0
,,,,,0.0
,,,,,0.0
,,,,,0.0
,,,,,0.0
,,,,,0.0
,,,,,0.0
,,,,,0.0
,,,,,0.0
,,,,,0.0
,,,,,0.0
,,,,,0.0
,,,,,0.0
,,,,,0.0
,,,,,0.0
,,,,,0.0
,,,,,0.0
,,,,,0.0
,,,,,0.0
,,,,,0.0
,,,,,0.0
,,,,,0.0
,,,,,0.0
,,,,,0.0
,,,,,0.0
,,,,,0.0
,,,,,0.0
,,,,,0.0
,,,,,0.0
,,,,,0.0
,,,,,0.0
,,,,,0.0
,,,,,0.0
,,,,,0.0
,,,,,0.0
,,,,,0.0
,,,,,0.0
,,,,,0.0
,,,,,0.0
,,,,,0.0
,,,,,0.0
,,,,,0.0
,,,,,0.0
,,,,,0.0
,,,,,0.0
,,,,,0.0
,,,,,0.0
,,,,,0.0
,,,,,0.0
,,,,,0.0
,,,,,0.0
,,,,,0.0
,,,,,0.0
,,,,,0.0
,,,,,0.0
,,,,,0.0
,,,,,0.0
,,,,,0.0
,,,,,0.0
,,,,,0.0
,,,,,0.0
,,,,,0.0
,,,,,0.0
,,,,,0.0
,,,,,0.0
,,,,,0.0
,,,,,0.0
,,,,,0.0
,,,,,0.0
,,,,,0.0
,,,,,0.0
,,,,,0.0
,,,,,0.0
,,,,,0.0
,,,,,0.0
,,,,,0.0
,,,,,0.0
,,,,,0.0
,,,,,0.0
,,,,,0.0
,,,,,0.0
,,,,,0.0
,,,,,0.0
,,,,,0.0
,,,,,0.0
,,,,,0.0
,,,,,0.0
,,,,,0.0
,,,,,0.0
,,,,,0.0
,,,,,0.0
,,,,,0.0
,,,,,0.0
,,,,,0.0
,,,,,0.0
,,,,,0.0
,,,,,0.0
,,,,,0.0
,,,,,0.0
,,,,,0.0
,,,,,0.0
,,,,,0.0
,,,,,0.0
,,,,,0.0
,,,,,0.0
,,,,,0.0
,,,,,0.0
,,,,,0.0
,,,,,0.0
,,,,,0.0
,,,,,0.0
,,,,,0.0
,,,,,0.060558
,,,,,0.070993
,,,,,0.06892899999999999
,,,,,0.056046000000000006
,,,,,0.067384
,,,,,0.031779
,,,,,0.05575599999999999
,,,,,0.0095474
,,,,,0.041289
,,,,,0.011825
,,,,,0.030213999999999998
,,,,,0.015605
,,,,,0.031567000000000005
,,,,,0.010068
,,,,,0.042555
,,,,,0.022675999999999998
,,,,,0.058466
,,,,,0.048434
,,,,,0.070809
,,,,,0.07510700000000001
,,,,,0.070342
,,,,,0.09109
,,,,,0.058223000000000004
,,,,,0.090232
,,,,,0.037013
,,,,,0.07412300000000001
,,,,,0.015696
,,,,,0.050977
,,,,,0.016238
,,,,,0.034799000000000004
,,,,,0.020611
,,,,,0.033533999999999994
,,,,,0.035295
,,,,,0.045294
,,,,,0.06540800000000001
,,,,,0.058578
,,,,,0.09304
,,,,,0.068868
,,,,,0.11045999999999999
,,,,,0.06756000000000001
,,,,,0.10915
,,,,,0.057026
,,,,,0.091054
,,,,,0.041468
,,,,,0.06343700000000001
,,,,,0.029008
,,,,,0.038013
,,,,,0.02555
,,,,,0.02308
,,,,,0.021941
,,,,,0.012191
,,,,,0.024307
,,,,,0.012563
,,,,,0.024836
,,,,,0.015031000000000001
,,,,,0.022948
,,,,,0.017787
,,,,,0.021387
,,,,,0.019445
,,,,,0.020781
,,,,,0.016607
,,,,,0.022778
,,,,,0.013794999999999998
,,,,,0.03995
,,,,,0.023201
,,,,,0.047968000000000004
,,,,,0.051275
,,,,,0.060417
,,,,,0.087612
,,,,,0.072886
,,,,,0.1154
,,,,,0.084286
,,,,,0.12792
,,,,,0.09017599999999999
,,,,,0.122
,,,,,0.089179
,,,,,0.09618
,,,,,0.080826
,,,,,0.05846799999999999
,,,,,0.066051
,,,,,0.010875
,,,,,0.051974
,,,,,0.022987
,,,,,0.045482999999999996
,,,,,0.057016
,,,,,0.034919
,,,,,0.082951
,,,,,0.043981
,,,,,0.10015
,,,,,0.050679
,,,,,0.10055
,,,,,0.050202
,,,,,0.08683400000000001
,,,,,0.04607
,,,,,0.058588
,,,,,0.040688
,,,,,0.029912
,,,,,0.03386
,,,,,0.018703
,,,,,0.028885
,,,,,0.02572
,,,,,0.018141
,,,,,0.028169
,,,,,0.036162
,,,,,0.036944
,,,,,0.06101
,,,,,0.047543
,,,,,0.082622
,,,,,0.052631
,,,,,0.096073
,,,,,0.049235
,,,,,0.092387
,,,,,0.041741
,,,,,0.075264
,,,,,0.034762
,,,,,0.050163
,,,,,0.031333
,,,,,0.025787
,,,,,0.024793
,,,,,0.014028
,,,,,0.014832
,,,,,0.010454000000000001
,,,,,0.017869
,,,,,0.011923999999999999
,,,,,0.017054
,,,,,0.012156
,,,,,0.01529
,,,,,0.015024000000000001
,,,,,0.017293
,,,,,0.020108
,,,,,0.018586000000000002
,,,,,0.024730000000000002
,,,,,0.018455000000000003
,,,,,0.029374
,,,,,0.018389
,,,,,0.032144
,,,,,0.020752
,,,,,0.034266000000000005
,,,,,0.024793
,,,,,0.028618
,,,,,0.020776
,,,,,0.018649000000000002
,,,,,0.018506
,,,,,0.018338
,,,,,0.021893
,,,,,0.018859
,,,,,0.020258
,,,,,0.015482
,,,,,0.015778
,,,,,0.013491999999999999
,,,,,0.013654
,,,,,0.022146000000000002
,,,,,0.020199
,,,,,0.042249
,,,,,0.028370999999999997
,,,,,0.079074
,,,,,0.051885
,,,,,0.11825999999999999
,,,,,0.078421
,,,,,0.14574
,,,,,0.096407
,,,,,0.14798
,,,,,0.097736
,,,,,0.12474
,,,,,0.08400099999999999
,,,,,0.084373
,,,,,0.064215
,,,,,0.045028
,,,,,0.045880000000000004
,,,,,0.031557
,,,,,0.038523
,,,,,0.043368000000000004
,,,,,0.041181
,,,,,0.037894
,,,,,0.068721
,,,,,0.033935
,,,,,0.10394
,,,,,0.049458999999999996
,,,,,0.13229000000000002
,,,,,0.070949
,,,,,0.13901
,,,,,0.084477
,,,,,0.12105999999999999
,,,,,0.083346
,,,,,0.086385
,,,,,0.070564
,,,,,0.039922000000000006
,,,,,0.066833
,,,,,0.004777399999999999
,,,,,0.066585
,,,,,0.040652
,,,,,0.068026
,,,,,0.083091
,,,,,0.08339400000000001
,,,,,0.11420999999999999
,,,,,0.088016
,,,,,0.12775999999999998
,,,,,0.07933
,,,,,0.11999000000000001
,,,,,0.058671
,,,,,0.09381
,,,,,0.036265
,,,,,0.060265
,,,,,0.022591
,,,,,0.034095
,,,,,0.022040999999999998
,,,,,0.028000999999999998
,,,,,0.023691
,,,,,0.026093
,,,,,0.026141
,,,,,0.023715
,,,,,0.028354
,,,,,0.02207
,,,,,0.028194999999999998
,,,,,0.023686000000000002
,,,,,0.025432
,,,,,0.028177999999999998
,,,,,0.020099000000000002
,,,,,0.032493
,,,,,0.016255000000000002
,,,,,0.032605
,,,,,0.018733
,,,,,0.031112
,,,,,0.025301
,,,,,0.025363999999999998
,,,,,0.029124
,,,,,0.019588
,,,,,0.02877
,,,,,0.019883
,,,,,0.026858999999999997
,,,,,0.023327
,,,,,0.02164
,,,,,0.024887
,,,,,0.0188
,,,,,0.028388
,,,,,0.019235
,,,,,0.030943000000000002
,,,,,0.019803
,,,,,0.030996
,,,,,0.021363999999999998
,,,,,0.029242
,,,,,0.023644
,,,,,0.022039
,,,,,0.034933
,,,,,0.013656999999999999
,,,,,0.058405
,,,,,0.028881999999999998
,,,,,0.081557
,,,,,0.056527
,,,,,0.095772
,,,,,0.07873200000000001
,,,,,0.09449400000000001
,,,,,0.08778999999999999
,,,,,0.079277
,,,,,0.078559
,,,,,0.054187
,,,,,0.059328
,,,,,0.024796000000000002
,,,,,0.044349
,,,,,0.011944
,,,,,0.033342000000000004
,,,,,0.020000999999999998
,,,,,0.024773
,,,,,0.0063348
,,,,,0.047602
,,,,,0.037610000000000005
,,,,,0.089003
,,,,,0.089651
,,,,,0.13480999999999999
,,,,,0.14075
,,,,,0.16555
,,,,,0.17297
,,,,,0.16885
,,,,,0.17407999999999998
,,,,,0.14331
,,,,,0.14509
,,,,,0.099311
,,,,,0.097097
,,,,,0.049033
,,,,,0.054848
,,,,,0.010625
,,,,,0.028055
,,,,,0.0
,,,,,0.0
,,,,,0.0
,,,,,0.0
,,,,,0.0
,,,,,0.0
,,,,,0.0
,,,,,0.0
,,,,,0.0
,,,,,0.0
,,,,,0.0
,,,,,0.0
,,,,,0.0
,,,,,0.0
,,,,,0.0
,,,,,0.0
,,,,,0.0
,,,,,0.0
,,,,,0.0
,,,,,0.0
,,,,,0.0
,,,,,0.0
,,,,,0.0
,,,,,0.0
,,,,,0.0
,,,,,0.0
,,,,,0.0
,,,,,0.0
,,,,,0.0
,,,,,0.0
,,,,,0.0
,,,,,0.0
,,,,,0.0
,,,,,0.0
,,,,,0.0
,,,,,0.0
,,,,,0.0
,,,,,0.0
,,,,,0.0
,,,,,0.0
,,,,,0.0
,,,,,0.0
,,,,,0.0
,,,,,0.0
,,,,,0.0
,,,,,0.0
,,,,,0.0
,,,,,0.0
,,,,,0.0
,,,,,0.0
,,,,,0.0
,,,,,0.0
,,,,,0.0
,,,,,0.0
,,,,,0.0
,,,,,0.0
,,,,,0.0
,,,,,0.0
,,,,,0.0
,,,,,0.0
,,,,,0.0
,,,,,0.0
,,,,,0.0
,,,,,0.0
,,,,,0.0
,,,,,0.0
,,,,,0.0
,,,,,0.0
,,,,,0.0
,,,,,0.0
,,,,,0.0
,,,,,0.0
,,,,,0.0
,,,,,0.0
,,,,,0.0
,,,,,0.0
,,,,,0.0
,,,,,0.0
,,,,,0.0
,,,,,0.0
,,,,,0.0
,,,,,0.0
,,,,,0.0
,,,,,0.0
,,,,,0.0
,,,,,0.0
,,,,,0.0
,,,,,0.0
,,,,,0.0
,,,,,0.0
,,,,,0.0
,,,,,0.0
,,,,,0.0
,,,,,0.0
,,,,,0.0
,,,,,0.0
,,,,,0.0
,,,,,0.0
,,,,,0.0
,,,,,0.0
,,,,,0.0
,,,,,0.0
,,,,,0.0
,,,,,0.0
,,,,,0.0
,,,,,0.0
,,,,,0.0
,,,,,0.0
,,,,,0.0
,,,,,0.0
,,,,,0.0
,,,,,0.0
,,,,,0.0
,,,,,0.0
,,,,,0.0
,,,,,0.0
,,,,,0.0
,,,,,0.0
,,,,,0.0
,,,,,0.0
,,,,,0.0
,,,,,0.0
,,,,,0.0
,,,,,0.0
,,,,,0.0
,,,,,0.0
,,,,,0.0
,,,,,0.0
,,,,,0.0
,,,,,0.0
,,,,,0.0
,,,,,0.0
,,,,,0.0
,,,,,0.0
,,,,,0.0
,,,,,0.0
,,,,,0.0
,,,,,0.0
,,,,,0.0
,,,,,0.0
,,,,,0.0
,,,,,0.0
,,,,,0.0
,,,,,0.0
,,,,,0.0
,,,,,0.0
,,,,,0.0
,,,,,0.0
,,,,,0.0
,,,,,0.0
,,,,,0.0
,,,,,0.0
,,,,,0.0
,,,,,0.0
,,,,,0.0
,,,,,0.0
,,,,,0.0
,,,,,0.0
,,,,,0.0
,,,,,0.0
,,,,,0.0
,,,,,0.0
,,,,,0.0
,,,,,0.0
,,,,,0.0
,,,,,0.0
,,,,,0.0
,,,,,0.0
,,,,,0.0
,,,,,0.0
,,,,,0.0
,,,,,0.0
,,,,,0.0
,,,,,0.0
,,,,,0.0
,,,,,0.0
,,,,,0.0
,,,,,0.0
,,,,,0.0
,,,,,0.0
,,,,,0.0
,,,,,0.0
,,,,,0.0
,,,,,0.0
,,,,,0.0
,,,,,0.0
,,,,,0.0
,,,,,0.0
,,,,,0.0
,,,,,0.0
,,,,,0.0
,,,,,0.0
,,,,,0.0
,,,,,0.0
,,,,,0.0
,,,,,0.0
,,,,,0.0
,,,,,0.0
,,,,,0.0
,,,,,0.0
,,,,,0.0
,,,,,0.0
,,,,,0.0
,,,,,0.0
,,,,,0.0
,,,,,0.0
,,,,,0.0
,,,,,0.0
,,,,,0.0
,,,,,0.0
,,,,,0.0
,,,,,0.0
,,,,,0.0
,,,,,0.0
,,,,,0.0
,,,,,0.0
,,,,,0.0
,,,,,0.15098
,,,,,0.12729000000000001
,,,,,0.07797
,,,,,0.13887
,,,,,0.10593
,,,,,0.042241
,,,,,0.094947
,,,,,0.06928200000000001
,,,,,0.016654
,,,,,0.056389
,,,,,0.047226
,,,,,0.038438
,,,,,0.050335000000000005
,,,,,0.050239
,,,,,0.015428
,,,,,0.078003
,,,,,0.093182
,,,,,0.034825
,,,,,0.11785
,,,,,0.1407
,,,,,0.070235
,,,,,0.13477999999999998
,,,,,0.15036
,,,,,0.06368
,,,,,0.10904000000000001
,,,,,0.11829
,,,,,0.030019
,,,,,0.064703
,,,,,0.07736
,,,,,0.035364
,,,,,0.023591
,,,,,0.063402
,,,,,0.082855
,,,,,0.022680000000000002
,,,,,0.10318
,,,,,0.14327
,,,,,0.082093
,,,,,0.13777999999999999
,,,,,0.18162999999999999
,,,,,0.10462
,,,,,0.13193
,,,,,0.1664
,,,,,0.07900499999999999
,,,,,0.08241
,,,,,0.11247
,,,,,0.044166000000000004
,,,,,0.04041
,,,,,0.063677
,,,,,0.045398
,,,,,0.038883999999999995
,,,,,0.037407
,,,,,0.042092000000000004
,,,,,0.040673
,,,,,0.037814999999999994
,,,,,0.043758
,,,,,0.042421
,,,,,0.038205
,,,,,0.042589
,,,,,0.044403
,,,,,0.041112
,,,,,0.039133999999999995
,,,,,0.04181
,,,,,0.045729
,,,,,0.058708
,,,,,0.059163
,,,,,0.008384899999999999
,,,,,0.086889
,,,,,0.12937
,,,,,0.081666
,,,,,0.15137
,,,,,0.2156
,,,,,0.16472
,,,,,0.19704000000000002
,,,,,0.25226
,,,,,0.18112999999999999
,,,,,0.17522000000000001
,,,,,0.21304
,,,,,0.12913
,,,,,0.098993
,,,,,0.13072999999999999
,,,,,0.039897
,,,,,0.07863400000000001
,,,,,0.084591
,,,,,0.041036
,,,,,0.16155
,,,,,0.13462000000000002
,,,,,0.12305
,,,,,0.23365999999999998
,,,,,0.20304
,,,,,0.16627
,,,,,0.25979
,,,,,0.2137
,,,,,0.14734
,,,,,0.22054
,,,,,0.16222
,,,,,0.071101
,,,,,0.13402999999999998
,,,,,0.09299199999999999
,,,,,0.011052
,,,,,0.07184700000000001
,,,,,0.06464
,,,,,0.018271000000000003
,,,,,0.070038
,,,,,0.09056499999999999
,,,,,0.025767
,,,,,0.11817000000000001
,,,,,0.15289
,,,,,0.092024
,,,,,0.15675999999999998
,,,,,0.1986
,,,,,0.11825
,,,,,0.15450999999999998
,,,,,0.18462
,,,,,0.08863
,,,,,0.10522999999999999
,,,,,0.1253
,,,,,0.035086
,,,,,0.054467999999999996
,,,,,0.061304
,,,,,0.027601
,,,,,0.028223
,,,,,0.024005000000000002
,,,,,0.034476
,,,,,0.037637000000000004
,,,,,0.024495
,,,,,0.036503
,,,,,0.035336
,,,,,0.021768
,,,,,0.036015
,,,,,0.04459
,,,,,0.034673
,,,,,0.041877
,,,,,0.052552
,,,,,0.045646
,,,,,0.044784
,,,,,0.057957
,,,,,0.05068
,,,,,0.04555
,,,,,0.058412
,,,,,0.039886000000000005
,,,,,0.032094
,,,,,0.046284
,,,,,0.030610000000000002
,,,,,0.034039
,,,,,0.050368
,,,,,0.032813
,,,,,0.036145
,,,,,0.041804
,,,,,0.032001999999999996
,,,,,0.038558999999999996
,,,,,0.039388
,,,,,0.046869
,,,,,0.090611
,,,,,0.054116
,,,,,0.07209
,,,,,0.16989
,,,,,0.12558
,,,,,0.12506
,,,,,0.24414
,,,,,0.1956
,,,,,0.15612
,,,,,0.25051
,,,,,0.19402
,,,,,0.12614
,,,,,0.19510999999999998
,,,,,0.12336
,,,,,0.052905999999999995
,,,,,0.12185
,,,,,0.073715
,,,,,0.048298
,,,,,0.080751
,,,,,0.077399
,,,,,0.043987
,,,,,0.099984
,,,,,0.11963
,,,,,0.018619999999999998
,,,,,0.15465
,,,,,0.18947999999999998
,,,,,0.087922
,,,,,0.19032000000000002
,,,,,0.22491
,,,,,0.11655
,,,,,0.17146
,,,,,0.18695
,,,,,0.072177
,,,,,0.11662
,,,,,0.11724000000000001
,,,,,0.041598
,,,,,0.073247
,,,,,0.039208
,,,,,0.11947999999999999
,,,,,0.12114000000000001
,,,,,0.060986
,,,,,0.17267000000000002
,,,,,0.17511
,,,,,0.09691
,,,,,0.18427000000000002
,,,,,0.17747000000000002
,,,,,0.07549299999999999
,,,,,0.13967000000000002
,,,,,0.1285
,,,,,0.019572
,,,,,0.072215
,,,,,0.071233
,,,,,0.040681
,,,,,0.046455
,,,,,0.051309
,,,,,0.063181
,,,,,0.056688
,,,,,0.054499
,,,,,0.054952999999999995
,,,,,0.059442999999999996
,,,,,0.058503
,,,,,0.0473
,,,,,0.059017999999999994
,,,,,0.06386599999999999
,,,,,0.045413999999999996
,,,,,0.056919000000000004
,,,,,0.065811
,,,,,0.047931
,,,,,0.051597000000000004
,,,,,0.060872
,,,,,0.052371
,,,,,0.048251
,,,,,0.056428
,,,,,0.055514
,,,,,0.044692
,,,,,0.050629
,,,,,0.056264999999999996
,,,,,0.045096
,,,,,0.046585
,,,,,0.054502999999999996
,,,,,0.045843
,,,,,0.044317
,,,,,0.050769
,,,,,0.052039
,,,,,0.052501
,,,,,0.048819
,,,,,0.055800999999999996
,,,,,0.060277
,,,,,0.045788
,,,,,0.055838
,,,,,0.05594299999999999
,,,,,0.02103
,,,,,0.082686
,,,,,0.076468
,,,,,0.041514999999999996
,,,,,0.13352
,,,,,0.12627
,,,,,0.08948300000000001
,,,,,0.16917000000000001
,,,,,0.15172
,,,,,0.099277
,,,,,0.1562
,,,,,0.13122
,,,,,0.058689
,,,,,0.10181
,,,,,0.090063
,,,,,0.010638
,,,,,0.061372
,,,,,0.062102
,,,,,0.033112
,,,,,0.046987
,,,,,0.031132999999999997
,,,,,0.057463
,,,,,0.11612
,,,,,0.1216
,,,,,0.16625
,,,,,0.23601999999999998
,,,,,0.23793000000000003
,,,,,0.26356
,,,,,0.3101
,,,,,0.28041
,,,,,0.26771999999999996
,,,,,0.27628
,,,,,0.21695
,,,,,0.17323
,,,,,0.16009
,,,,,0.10728
,,,,,0.048667
,,,,,0.058136
,,,,,0.03377
,,,,,0.0
,,,,,0.0
,,,,,0.0
,,,,,0.0
,,,,,0.0
,,,,,0.0
,,,,,0.0
,,,,,0.0
,,,,,0.0
,,,,,0.0
,,,,,0.0
,,,,,0.0
,,,,,0.0
,,,,,0.0
,,,,,0.0
,,,,,0.0
,,,,,0.0
,,,,,0.0
,,,,,0.0
,,,,,0.0
,,,,,0.0
,,,,,0.0
,,,,,0.0
,,,,,0.0
,,,,,0.0
,,,,,0.0
,,,,,0.0
,,,,,0.0
,,,,,0.0
,,,,,0.0
,,,,,0.0
,,,,,0.0
,,,,,0.0
,,,,,0.0
,,,,,0.0
,,,,,0.0
,,,,,0.0
,,,,,0.0
,,,,,0.0
,,,,,0.0
,,,,,0.0
,,,,,0.0
,,,,,0.0
,,,,,0.0
,,,,,0.0
,,,,,0.0
,,,,,0.0
,,,,,0.0
,,,,,0.0
,,,,,0.0
,,,,,0.0
,,,,,0.0
,,,,,0.0
,,,,,0.0
,,,,,0.0
,,,,,0.0
,,,,,0.0
,,,,,0.0
,,,,,0.0
,,,,,0.0
,,,,,0.0
,,,,,0.0
,,,,,0.0
,,,,,0.0
,,,,,0.0
,,,,,0.0
,,,,,0.0
,,,,,0.0
,,,,,0.0
,,,,,0.0
,,,,,0.0
,,,,,0.0
,,,,,0.0
,,,,,0.0
,,,,,0.0
,,,,,0.0
,,,,,0.0
,,,,,0.0
,,,,,0.0
,,,,,0.0
,,,,,0.0
,,,,,0.0
,,,,,0.0
,,,,,0.0
,,,,,0.0
,,,,,0.0
,,,,,0.0
,,,,,0.0
,,,,,0.0
,,,,,0.0
,,,,,0.0
,,,,,0.0
,,,,,0.0
,,,,,0.0
,,,,,0.0
,,,,,0.0
,,,,,0.0
,,,,,0.0
,,,,,0.0
,,,,,0.0
,,,,,0.0
,,,,,0.0
,,,,,0.0
,,,,,0.0
,,,,,0.0
,,,,,0.0
,,,,,0.0
,,,,,0.0
,,,,,0.0
,,,,,0.0
,,,,,0.0
,,,,,0.0
,,,,,0.0
,,,,,0.0
,,,,,0.0
,,,,,0.0
,,,,,0.0
,,,,,0.0
,,,,,0.0
,,,,,0.0
,,,,,0.0
,,,,,0.0
,,,,,0.0
,,,,,0.0
,,,,,0.0
,,,,,0.0
,,,,,0.0
,,,,,0.0
,,,,,0.0
,,,,,0.0
,,,,,0.0
,,,,,0.0
,,,,,0.0
,,,,,0.0
,,,,,0.0
,,,,,0.0
,,,,,0.0
,,,,,0.0
,,,,,0.0
,,,,,0.0
,,,,,0.0
,,,,,0.0
,,,,,0.0
,,,,,0.0
,,,,,0.0
,,,,,0.0
,,,,,0.0
,,,,,0.0
,,,,,0.0
,,,,,0.0
,,,,,0.0
,,,,,0.0
,,,,,0.0
,,,,,0.0
,,,,,0.0
,,,,,0.0
,,,,,0.0
,,,,,0.0
,,,,,0.0
,,,,,0.0
,,,,,0.0
,,,,,0.0
,,,,,0.0
,,,,,0.0
,,,,,0.0
,,,,,0.0
,,,,,0.0
,,,,,0.0
,,,,,0.0
,,,,,0.0
,,,,,0.0
,,,,,0.0
,,,,,0.0
,,,,,0.0
,,,,,0.0
,,,,,0.0
,,,,,0.0
,,,,,0.0
,,,,,0.0
,,,,,0.0
,,,,,0.0
,,,,,0.0
,,,,,0.0
,,,,,0.0
,,,,,0.0
,,,,,0.0
,,,,,0.0
,,,,,0.0
,,,,,0.0
,,,,,0.0
,,,,,0.0
,,,,,0.0
,,,,,0.0
,,,,,0.0
,,,,,0.0
,,,,,0.0
,,,,,0.0
,,,,,0.0
,,,,,0.0
,,,,,0.0
,,,,,0.0
,,,,,0.0
,,,,,0.0
,,,,,0.0
,,,,,0.0
,,,,,0.0
,,,,,0.0
,,,,,0.0
,,,,,0.0
,,,,,0.0
,,,,,0.0
,,,,,0.0
,,,,,0.0
,,,,,0.0
,,,,,0.0
,,,,,0.0
,,,,,0.0
,,,,,0.5250199999999999
,,,,,0.51161
,,,,,0.48295
,,,,,0.43873
,,,,,0.38132
,,,,,0.31216
,,,,,0.23784
,,,,,0.17113
,,,,,0.12180999999999999
,,,,,0.08845399999999999
,,,,,0.070251
,,,,,0.061256
,,,,,0.0478
,,,,,0.041317
,,,,,0.066505
,,,,,0.11884000000000002
,,,,,0.1857
,,,,,0.2534
,,,,,0.30944
,,,,,0.34803
,,,,,0.36369
,,,,,0.35634
,,,,,0.33197
,,,,,0.29977
,,,,,0.26594
,,,,,0.2328
,,,,,0.1988
,,,,,0.15932000000000002
,,,,,0.11572
,,,,,0.076673
,,,,,0.063056
,,,,,0.09388400000000001
,,,,,0.14045
,,,,,0.19036
,,,,,0.23767
,,,,,0.28321999999999997
,,,,,0.32838
,,,,,0.37413
,,,,,0.41213
,,,,,0.43227
,,,,,0.42798
,,,,,0.39662
,,,,,0.3415
,,,,,0.27374
,,,,,0.20223
,,,,,0.13666
,,,,,0.08440700000000001
,,,,,0.048057
,,,,,0.025197999999999998
,,,,,0.017099
,,,,,0.016749
,,,,,0.012583
,,,,,0.012878
,,,,,0.0195
,,,,,0.027704000000000003
,,,,,0.034061
,,,,,0.03684
,,,,,0.036087
,,,,,0.032601
,,,,,0.029516000000000004
,,,,,0.025887
,,,,,0.022627
,,,,,0.024908
,,,,,0.050914
,,,,,0.08983
,,,,,0.1378
,,,,,0.21014000000000002
,,,,,0.29527
,,,,,0.37632
,,,,,0.43758
,,,,,0.46793999999999997
,,,,,0.4617
,,,,,0.42136
,,,,,0.35647
,,,,,0.27428
,,,,,0.18400999999999998
,,,,,0.09708
,,,,,0.068111
,,,,,0.14098
,,,,,0.21800999999999998
,,,,,0.2607
,,,,,0.25485
,,,,,0.20995999999999998
,,,,,0.15772
,,,,,0.1368
,,,,,0.20171
,,,,,0.29172
,,,,,0.35941999999999996
,,,,,0.39626999999999996
,,,,,0.40656
,,,,,0.39946
,,,,,0.38479
,,,,,0.36529
,,,,,0.33605
,,,,,0.29472
,,,,,0.24208000000000002
,,,,,0.1831
,,,,,0.1228
,,,,,0.070501
,,,,,0.032418
,,,,,0.020286000000000002
,,,,,0.042112000000000004
,,,,,0.075044
,,,,,0.10783
,,,,,0.14356
,,,,,0.1827
,,,,,0.22171
,,,,,0.2713
,,,,,0.33042
,,,,,0.38186
,,,,,0.41516000000000003
,,,,,0.42282
,,,,,0.4055
,,,,,0.36807
,,,,,0.31811
,,,,,0.26018
,,,,,0.19733
,,,,,0.13489
,,,,,0.087197
,,,,,0.065462
,,,,,0.051326
,,,,,0.039954
,,,,,0.043079
,,,,,0.047385000000000004
,,,,,0.054842999999999996
,,,,,0.058835000000000005
,,,,,0.049234
,,,,,0.028829
,,,,,0.010322
,,,,,0.017346
,,,,,0.025363999999999998
,,,,,0.030081999999999998
,,,,,0.031478
,,,,,0.03142
,,,,,0.02899
,,,,,0.031859
,,,,,0.043930000000000004
,,,,,0.067317
,,,,,0.10329
,,,,,0.15023
,,,,,0.19197999999999998
,,,,,0.21791
,,,,,0.237
,,,,,0.26064
,,,,,0.28592
,,,,,0.31306
,,,,,0.3463
,,,,,0.39168000000000003
,,,,,0.44413
,,,,,0.48667
,,,,,0.5108600000000001
,,,,,0.50744
,,,,,0.48596000000000006
,,,,,0.46033999999999997
,,,,,0.43675
,,,,,0.42436999999999997
,,,,,0.44006999999999996
,,,,,0.4833
,,,,,0.53185
,,,,,0.56099
,,,,,0.54879
,,,,,0.48968999999999996
,,,,,0.38613000000000003
,,,,,0.25224
,,,,,0.10211
,,,,,0.091658
,,,,,0.26297
,,,,,0.43554
,,,,,0.59721
,,,,,0.74211
,,,,,0.8627600000000001
,,,,,0.9556899999999999
,,,,,1.0190000000000001
,,,,,1.0532
,,,,,1.0541
,,,,,1.0253
,,,,,0.96715
,,,,,0.88887
,,,,,0.80299
,,,,,0.71631
,,,,,0.6356
,,,,,0.55983
,,,,,0.48241000000000006
,,,,,0.39804
,,,,,0.30835999999999997
,,,,,0.21985
,,,,,0.14737999999999998
,,,,,0.11283
,,,,,0.1133
,,,,,0.15049
,,,,,0.20726999999999998
,,,,,0.29327
,,,,,0.38675
,,,,,0.46607
,,,,,0.51931
,,,,,0.54133
,,,,,0.53275
,,,,,0.50102
,,,,,0.45748999999999995
,,,,,0.4072
,,,,,0.35420999999999997
,,,,,0.30205
,,,,,0.25106
,,,,,0.20435
,,,,,0.16545
,,,,,0.13249
,,,,,0.10675
,,,,,0.095678
,,,,,0.08568300000000001
,,,,,0.08325
,,,,,0.08894400000000001
,,,,,0.10492
,,,,,0.12592
,,,,,0.14839000000000002
,,,,,0.16597
,,,,,0.17575
,,,,,0.17492
,,,,,0.16455
,,,,,0.14668
,,,,,0.12475
,,,,,0.10300999999999999
,,,,,0.08778
,,,,,0.080945
,,,,,0.076532
,,,,,0.071869
,,,,,0.066692
,,,,,0.058319
,,,,,0.045154
,,,,,0.025537999999999998
,,,,,0.0091054
,,,,,0.019928
,,,,,0.035557
,,,,,0.045727
,,,,,0.047195999999999995
,,,,,0.039987
,,,,,0.027623
,,,,,0.026947000000000002
,,,,,0.039595
,,,,,0.054458000000000006
,,,,,0.066963
,,,,,0.076015
,,,,,0.081716
,,,,,0.091083
,,,,,0.10715
,,,,,0.13798
,,,,,0.18325999999999998
,,,,,0.23113000000000003
,,,,,0.2742
,,,,,0.30984
,,,,,0.34029
,,,,,0.36438000000000004
,,,,,0.37703000000000003
,,,,,0.37623
,,,,,0.35727
,,,,,0.31677
,,,,,0.25709
,,,,,0.18857000000000002
,,,,,0.12440999999999999
,,,,,0.08463899999999999
,,,,,0.06528300000000001
,,,,,0.054034000000000006
,,,,,0.050291
,,,,,0.06540800000000001
,,,,,0.11868
,,,,,0.19710999999999998
,,,,,0.30130999999999997
,,,,,0.42186999999999997
,,,,,0.54893
,,,,,0.67289
,,,,,0.78194
,,,,,0.8663700000000001
,,,,,0.91637
,,,,,0.9266700000000001
,,,,,0.8951399999999999
,,,,,0.8230799999999999
,,,,,0.71535
,,,,,0.5795600000000001
,,,,,0.43322
,,,,,0.30030999999999997
,,,,,0.19015
,,,,,0.10272
,,,,,0.03713
,,,,,0.0
,,,,,0.0
,,,,,0.0
,,,,,0.0
,,,,,0.0
,,,,,0.0
,,,,,0.0
,,,,,0.0
,,,,,0.0
,,,,,0.0
,,,,,0.0
,,,,,0.0
,,,,,0.0
,,,,,0.0
,,,,,0.0
,,,,,0.0
,,,,,0.0
,,,,,0.0
,,,,,0.0
,,,,,0.0
,,,,,0.0
,,,,,0.0
,,,,,0.0
,,,,,0.0
,,,,,0.0
,,,,,0.0
,,,,,0.0
,,,,,0.0
,,,,,0.0
,,,,,0.0
,,,,,0.0
,,,,,0.0
,,,,,0.0
,,,,,0.0
,,,,,0.0
,,,,,0.0
,,,,,0.0
,,,,,0.0
,,,,,0.0
,,,,,0.0
,,,,,0.0
,,,,,0.0
,,,,,0.0
,,,,,0.0
,,,,,0.0
,,,,,0.0
,,,,,0.0
,,,,,0.0
,,,,,0.0
,,,,,0.0
,,,,,0.0
,,,,,0.0
,,,,,0.0
,,,,,0.0
,,,,,0.0
,,,,,0.0
,,,,,0.0
,,,,,0.0
,,,,,0.0
,,,,,0.0
,,,,,0.0
,,,,,0.0
,,,,,0.0
,,,,,0.0
,,,,,0.0
,,,,,0.0
,,,,,0.0
,,,,,0.0
,,,,,0.0
,,,,,0.0
,,,,,0.0
,,,,,0.0
,,,,,0.0
,,,,,0.0
,,,,,0.0
,,,,,0.0
,,,,,0.0
,,,,,0.0
,,,,,0.0
,,,,,0.0
,,,,,0.0
,,,,,0.0
,,,,,0.0
,,,,,0.0
,,,,,0.0
,,,,,0.0
,,,,,0.0
,,,,,0.0
,,,,,0.0
,,,,,0.0
,,,,,0.0
,,,,,0.0
,,,,,0.0
,,,,,0.0
,,,,,0.0
,,,,,0.0
,,,,,0.0
,,,,,0.0
,,,,,0.0
,,,,,0.0
,,,,,0.0
,,,,,0.0
,,,,,0.0
,,,,,0.0
,,,,,0.0
,,,,,0.0
,,,,,0.0
,,,,,0.0
,,,,,0.0
,,,,,0.0
,,,,,0.0
,,,,,0.0
,,,,,0.0
,,,,,0.0
,,,,,0.0
,,,,,0.0
,,,,,0.0
,,,,,0.0
,,,,,0.0
,,,,,0.0
,,,,,0.0
,,,,,0.0
,,,,,0.0
,,,,,0.0
,,,,,0.0
,,,,,0.0
,,,,,0.0
,,,,,0.0
,,,,,0.0
,,,,,0.0
,,,,,0.0
,,,,,0.0
,,,,,0.0
,,,,,0.0
,,,,,0.0
,,,,,0.0
,,,,,0.0
,,,,,0.0
,,,,,0.0
,,,,,0.0
,,,,,0.0
,,,,,0.0
,,,,,0.0
,,,,,0.0
,,,,,0.0
,,,,,0.0
,,,,,0.0
,,,,,0.0
,,,,,0.0
,,,,,0.0
,,,,,0.0
,,,,,0.0
,,,,,0.0
,,,,,0.0
,,,,,0.0
,,,,,0.0
,,,,,0.0
,,,,,0.0
,,,,,0.0
,,,,,0.0
,,,,,0.0
,,,,,0.0
,,,,,0.0
,,,,,0.0
,,,,,0.0
,,,,,0.0
,,,,,0.0
,,,,,0.0
,,,,,0.0
,,,,,0.0
,,,,,0.0
,,,,,0.0
,,,,,0.0
,,,,,0.0
,,,,,0.0
,,,,,0.0
,,,,,0.0
,,,,,0.0
,,,,,0.0
,,,,,0.0
,,,,,0.0
,,,,,0.0
,,,,,0.0
,,,,,0.0
,,,,,0.0
,,,,,0.0
,,,,,0.0
,,,,,0.0
,,,,,0.0
,,,,,0.0
,,,,,0.0
,,,,,0.0
,,,,,0.0
,,,,,0.0
,,,,,0.0
,,,,,0.0
,,,,,0.0
,,,,,0.0
,,,,,0.0
,,,,,0.0
,,,,,0.0
,,,,,0.0
,,,,,0.0
,,,,,0.0
,,,,,0.0
,,,,,0.0
,,,,,0.0
,,,,,0.0
,,,,,0.0
,,,,,0.0
,,,,,0.0
,,,,,0.0
,,,,,0.0
,,,,,0.0
,,,,,0.0
,,,,,0.0
,,,,,0.0
,,,,,0.83926
,,,,,0.72227
,,,,,0.55484
,,,,,0.36591
,,,,,0.21728000000000003
,,,,,0.23606999999999997
,,,,,0.35891999999999996
,,,,,0.46503
,,,,,0.52649
,,,,,0.53773
,,,,,0.50734
,,,,,0.44548000000000004
,,,,,0.37535
,,,,,0.29391999999999996
,,,,,0.21051999999999998
,,,,,0.14097
,,,,,0.13675
,,,,,0.22383000000000003
,,,,,0.34883000000000003
,,,,,0.48116000000000003
,,,,,0.5968600000000001
,,,,,0.6771
,,,,,0.7057899999999999
,,,,,0.67523
,,,,,0.58668
,,,,,0.45266000000000006
,,,,,0.29691999999999996
,,,,,0.17919000000000002
,,,,,0.20895
,,,,,0.32397
,,,,,0.44158000000000003
,,,,,0.55065
,,,,,0.64732
,,,,,0.75021
,,,,,0.85057
,,,,,0.9267
,,,,,0.9595899999999999
,,,,,0.9326399999999999
,,,,,0.8402799999999999
,,,,,0.68671
,,,,,0.4876
,,,,,0.26535
,,,,,0.045537
,,,,,0.15142
,,,,,0.30338000000000004
,,,,,0.40349
,,,,,0.45698999999999995
,,,,,0.47579
,,,,,0.47903
,,,,,0.48573
,,,,,0.50607
,,,,,0.5333
,,,,,0.55997
,,,,,0.57708
,,,,,0.57623
,,,,,0.55174
,,,,,0.50456
,,,,,0.43996999999999997
,,,,,0.368
,,,,,0.30356
,,,,,0.26289
,,,,,0.25791
,,,,,0.28179
,,,,,0.31322
,,,,,0.32333
,,,,,0.28451
,,,,,0.20751999999999998
,,,,,0.16174000000000002
,,,,,0.28591
,,,,,0.49625
,,,,,0.71267
,,,,,0.88865
,,,,,0.9944700000000001
,,,,,1.0122
,,,,,0.93934
,,,,,0.7850699999999999
,,,,,0.57147
,,,,,0.33416999999999997
,,,,,0.14701
,,,,,0.20343
,,,,,0.34191
,,,,,0.43416000000000005
,,,,,0.45953
,,,,,0.41452
,,,,,0.31234
,,,,,0.15802
,,,,,0.036430000000000004
,,,,,0.24931
,,,,,0.45496000000000003
,,,,,0.6290100000000001
,,,,,0.7507199999999999
,,,,,0.80214
,,,,,0.77712
,,,,,0.68565
,,,,,0.54977
,,,,,0.41116
,,,,,0.33007
,,,,,0.35466
,,,,,0.45064
,,,,,0.57352
,,,,,0.70945
,,,,,0.8652700000000001
,,,,,1.0509
,,,,,1.2487
,,,,,1.4309
,,,,,1.5672
,,,,,1.6274
,,,,,1.5914
,,,,,1.4515
,,,,,1.2204
,,,,,0.9212799999999999
,,,,,0.59519
,,,,,0.29357
,,,,,0.13423
,,,,,0.23051999999999997
,,,,,0.29982
,,,,,0.28063
,,,,,0.18363
,,,,,0.079972
,,,,,0.21620999999999999
,,,,,0.44073999999999997
,,,,,0.6892
,,,,,0.9430799999999999
,,,,,1.1924
,,,,,1.4116
,,,,,1.5733
,,,,,1.6495
,,,,,1.6249
,,,,,1.4956
,,,,,1.2809
,,,,,1.016
,,,,,0.75173
,,,,,0.56191
,,,,,0.54213
,,,,,0.69528
,,,,,0.9349700000000001
,,,,,1.2104
,,,,,1.4944
,,,,,1.7566
,,,,,1.9717
,,,,,2.1164
,,,,,2.1728
,,,,,2.138
,,,,,2.0188
,,,,,1.8319
,,,,,1.5955
,,,,,1.3223
,,,,,1.0228
,,,,,0.70502
,,,,,0.38695
,,,,,0.17812999999999998
,,,,,0.36701999999999996
,,,,,0.61346
,,,,,0.79647
,,,,,0.8829799999999999
,,,,,0.86349
,,,,,0.7592800000000001
,,,,,0.63368
,,,,,0.6087100000000001
,,,,,0.7469
,,,,,0.9627700000000001
,,,,,1.1529
,,,,,1.2609
,,,,,1.2609
,,,,,1.1591
,,,,,0.9815200000000001
,,,,,0.76735
,,,,,0.5629
,,,,,0.41433000000000003
,,,,,0.35188
,,,,,0.36082
,,,,,0.38453000000000004
,,,,,0.43271000000000004
,,,,,0.5282899999999999
,,,,,0.67433
,,,,,0.8454200000000001
,,,,,1.0101
,,,,,1.1320000000000001
,,,,,1.1879
,,,,,1.1604
,,,,,1.0515
,,,,,0.8661700000000001
,,,,,0.62645
,,,,,0.36096
,,,,,0.10754000000000001
,,,,,0.12460999999999998
,,,,,0.28343
,,,,,0.37969
,,,,,0.4109
,,,,,0.37813
,,,,,0.27923000000000003
,,,,,0.1194
,,,,,0.10705
,,,,,0.36302
,,,,,0.6331100000000001
,,,,,0.8850399999999999
,,,,,1.0876
,,,,,1.2157
,,,,,1.2561
,,,,,1.206
,,,,,1.0775
,,,,,0.8932399999999999
,,,,,0.68402
,,,,,0.48708
,,,,,0.35201
,,,,,0.33292
,,,,,0.40664
,,,,,0.50085
,,,,,0.59275
,,,,,0.67274
,,,,,0.73495
,,,,,0.78084
,,,,,0.81024
,,,,,0.8208
,,,,,0.8063600000000001
,,,,,0.75989
,,,,,0.67874
,,,,,0.5634399999999999
,,,,,0.42563
,,,,,0.28475
,,,,,0.201
,,,,,0.25666
,,,,,0.3881
,,,,,0.52285
,,,,,0.6352
,,,,,0.7119
,,,,,0.74384
,,,,,0.72653
,,,,,0.66597
,,,,,0.58641
,,,,,0.52682
,,,,,0.52965
,,,,,0.5937899999999999
,,,,,0.67557
,,,,,0.73209
,,,,,0.7428
,,,,,0.7046600000000001
,,,,,0.6283
,,,,,0.53112
,,,,,0.42666000000000004
,,,,,0.32047
,,,,,0.20993
,,,,,0.12405
,,,,,0.23795
,,,,,0.45403000000000004
,,,,,0.69242
,,,,,0.91801
,,,,,1.0989
,,,,,1.2122
,,,,,1.2391
,,,,,1.1774
,,,,,1.0342
,,,,,0.8284799999999999
,,,,,0.58691
,,,,,0.33804
,,,,,0.13467
,,,,,0.18241
,,,,,0.34901
,,,,,0.50216
,,,,,0.63536
,,,,,0.74508
,,,,,0.8235399999999999
,,,,,0.8459200000000001
,,,,,0.7731100000000001
,,,,,0.62703
,,,,,0.42277
,,,,,0.28414
,,,,,0.45277
,,,,,0.75868
,,,,,1.0544
,,,,,1.2853
,,,,,1.422
,,,,,1.4524
,,,,,1.3814
,,,,,1.2276
,,,,,1.0192
,,,,,0.78742
,,,,,0.5625100000000001
,,,,,0.3675
,,,,,0.21536
,,,,,0.10837999999999999
,,,,,0.037659
,,,,,0.0
,,,,,0.0
,,,,,0.0
,,,,,0.0
,,,,,0.0
,,,,,0.0
,,,,,0.0
,,,,,0.0
,,,,,0.0
,,,,,0.0
,,,,,0.0
,,,,,0.0
,,,,,0.0
,,,,,0.0
,,,,,0.0
,,,,,0.0
,,,,,0.0
,,,,,0.0
,,,,,0.0
,,,,,0.0
,,,,,0.0
,,,,,0.0
,,,,,0.0
,,,,,0.0
,,,,,0.0
,,,,,0.0
,,,,,0.0
,,,,,0.0
,,,,,0.0
,,,,,0.0
,,,,,0.0
,,,,,0.0
,,,,,0.0
,,,,,0.0
,,,,,0.0
,,,,,0.0
,,,,,0.0
,,,,,0.0
,,,,,0.0
,,,,,0.0
,,,,,0.0
,,,,,0.0
,,,,,0.0
,,,,,0.0
,,,,,0.0
,,,,,0.0
,,,,,0.0
,,,,,0.0
,,,,,0.0
,,,,,0.0
,,,,,0.0
,,,,,0.0
,,,,,0.0
,,,,,0.0
,,,,,0.0
,,,,,0.0
,,,,,0.0
,,,,,0.0
,,,,,0.0
,,,,,0.0
,,,,,0.0
,,,,,0.0
,,,,,0.0
,,,,,0.0
,,,,,0.0
,,,,,0.0
,,,,,0.0
,,,,,0.0
,,,,,0.0
,,,,,0.0
,,,,,0.0
,,,,,0.0
,,,,,0.0
,,,,,0.0
,,,,,0.0
,,,,,0.0
,,,,,0.0
,,,,,0.0
,,,,,0.0
,,,,,0.0
,,,,,0.0
,,,,,0.0
,,,,,0.0
,,,,,0.0
,,,,,0.0
,,,,,0.0
,,,,,0.0
,,,,,0.0
,,,,,0.0
,,,,,0.0
,,,,,0.0
,,,,,0.0
,,,,,0.0
,,,,,0.0
,,,,,0.0
,,,,,0.0
,,,,,0.0
,,,,,0.0
,,,,,0.0
,,,,,0.0
,,,,,0.0
,,,,,0.0
,,,,,0.0
,,,,,0.0
,,,,,0.0
,,,,,0.0
,,,,,0.0
,,,,,0.0
,,,,,0.0
,,,,,0.0
,,,,,0.0
,,,,,0.0
,,,,,0.0
,,,,,0.0
,,,,,0.0
,,,,,0.0
,,,,,0.0
,,,,,0.0
,,,,,0.0
,,,,,0.0
,,,,,0.0
,,,,,0.0
,,,,,0.0
,,,,,0.0
,,,,,0.0
,,,,,0.0
,,,,,0.0
,,,,,0.0
,,,,,0.0
,,,,,0.0
,,,,,0.0
,,,,,0.0
,,,,,0.0
,,,,,0.0
,,,,,0.0
,,,,,0.0
,,,,,0.0
,,,,,0.0
,,,,,0.0
,,,,,0.0
,,,,,0.0
,,,,,0.0
,,,,,0.0
,,,,,0.0
,,,,,0.0
,,,,,0.0
,,,,,0.0
,,,,,0.0
,,,,,0.0
,,,,,0.0
,,,,,0.0
,,,,,0.0
,,,,,0.0
,,,,,0.0
,,,,,0.0
,,,,,0.0
,,,,,0.0
,,,,,0.0
,,,,,0.0
,,,,,0.0
,,,,,0.0
,,,,,0.0
,,,,,0.0
,,,,,0.0
,,,,,0.0
,,,,,0.0
,,,,,0.0
,,,,,0.0
,,,,,0.0
,,,,,0.0
,,,,,0.0
,,,,,0.0
,,,,,0.0
,,,,,0.0
,,,,,0.0
,,,,,0.0
,,,,,0.0
,,,,,0.0
,,,,,0.0
,,,,,0.0
,,,,,0.0
,,,,,0.0
,,,,,0.0
,,,,,0.0
,,,,,0.0
,,,,,0.0
,,,,,0.0
,,,,,0.0
,,,,,0.0
,,,,,0.0
,,,,,0.0
,,,,,0.0
,,,,,0.0
,,,,,0.0
,,,,,0.0
,,,,,0.0
,,,,,0.0
,,,,,0.0
,,,,,0.0
,,,,,0.0
,,,,,0.0
,,,,,0.0
,,,,,0.0
,,,,,0.0
,,,,,0.0
,,,,,0.0
,,,,,0.0
,,,,,0.0
,,,,,0.0
,,,,,0.0
,,,,,0.0
,,,,,0.0
,,,,,0.0
,,,,,0.0
,,,,,0.0
,,,,,0.0
,,,,,0.0
,,,,,0.11005999999999999
,,,,,0.14135
,,,,,0.16099000000000002
,,,,,0.12105999999999999
,,,,,0.091865
,,,,,0.10876
,,,,,0.08984600000000001
,,,,,0.038613999999999996
,,,,,0.034063
,,,,,0.044992000000000004
,,,,,0.028083999999999998
,,,,,0.010621
,,,,,0.030007
,,,,,0.048591
,,,,,0.034012
,,,,,0.044547
,,,,,0.095404
,,,,,0.10343
,,,,,0.0887
,,,,,0.12862
,,,,,0.14814000000000002
,,,,,0.11842000000000001
,,,,,0.1211
,,,,,0.14198
,,,,,0.10769000000000001
,,,,,0.06883500000000001
,,,,,0.086403
,,,,,0.07244600000000001
,,,,,0.020131
,,,,,0.023283
,,,,,0.026784
,,,,,0.009964399999999998
,,,,,0.060097000000000005
,,,,,0.088125
,,,,,0.075365
,,,,,0.10851
,,,,,0.15775999999999998
,,,,,0.14615
,,,,,0.13071
,,,,,0.17446
,,,,,0.17156
,,,,,0.11135
,,,,,0.11498
,,,,,0.1294
,,,,,0.07607699999999999
,,,,,0.024202
,,,,,0.058348000000000004
,,,,,0.046633999999999995
,,,,,0.026666000000000002
,,,,,0.030052
,,,,,0.022652000000000002
,,,,,0.029713999999999997
,,,,,0.031181
,,,,,0.023663999999999998
,,,,,0.026813
,,,,,0.029138999999999998
,,,,,0.026414
,,,,,0.026668
,,,,,0.026525
,,,,,0.027159
,,,,,0.029623000000000003
,,,,,0.02503
,,,,,0.022591999999999998
,,,,,0.047381
,,,,,0.063537
,,,,,0.056553
,,,,,0.068945
,,,,,0.14692
,,,,,0.18329
,,,,,0.18499000000000002
,,,,,0.2367
,,,,,0.29348
,,,,,0.28519
,,,,,0.26609
,,,,,0.29741999999999996
,,,,,0.28429
,,,,,0.21616
,,,,,0.18916
,,,,,0.18373
,,,,,0.12559
,,,,,0.068257
,,,,,0.093041
,,,,,0.093972
,,,,,0.06250700000000001
,,,,,0.076677
,,,,,0.13709000000000002
,,,,,0.14026
,,,,,0.13373
,,,,,0.1965
,,,,,0.21266999999999997
,,,,,0.16594
,,,,,0.18159
,,,,,0.20312
,,,,,0.14894000000000002
,,,,,0.098747
,,,,,0.12178
,,,,,0.10099999999999999
,,,,,0.033185
,,,,,0.031246
,,,,,0.052758000000000006
,,,,,0.057124
,,,,,0.038762
,,,,,0.024971
,,,,,0.090788
,,,,,0.10924
,,,,,0.08035199999999999
,,,,,0.12153
,,,,,0.16881
,,,,,0.14276
,,,,,0.11155999999999999
,,,,,0.15168
,,,,,0.14215
,,,,,0.071923
,,,,,0.07399800000000001
,,,,,0.091313
,,,,,0.046135
,,,,,0.023528
,,,,,0.047264999999999995
,,,,,0.038143
,,,,,0.032722
,,,,,0.0234
,,,,,0.019566999999999998
,,,,,0.045183
,,,,,0.044605
,,,,,0.014822
,,,,,0.045948
,,,,,0.071423
,,,,,0.052443
,,,,,0.034824
,,,,,0.054984000000000005
,,,,,0.048865
,,,,,0.015381
,,,,,0.021092
,,,,,0.048678
,,,,,0.060291
,,,,,0.039363
,,,,,0.020975
,,,,,0.059309
,,,,,0.056031
,,,,,0.027936000000000002
,,,,,0.049546
,,,,,0.056983000000000006
,,,,,0.029505
,,,,,0.031337000000000004
,,,,,0.056197000000000004
,,,,,0.039377999999999996
,,,,,0.016839
,,,,,0.036289999999999996
,,,,,0.0403
,,,,,0.054797000000000005
,,,,,0.059924
,,,,,0.032233
,,,,,0.081232
,,,,,0.09958600000000001
,,,,,0.0253
,,,,,0.11325999999999999
,,,,,0.17995999999999998
,,,,,0.12857000000000002
,,,,,0.1538
,,,,,0.24138
,,,,,0.20679
,,,,,0.16655
,,,,,0.21448000000000003
,,,,,0.20911
,,,,,0.13919
,,,,,0.10887000000000001
,,,,,0.13219
,,,,,0.091576
,,,,,0.015416
,,,,,0.051612
,,,,,0.052309
,,,,,0.046109
,,,,,0.027523000000000002
,,,,,0.025473
,,,,,0.089407
,,,,,0.11087999999999999
,,,,,0.081811
,,,,,0.14336
,,,,,0.1999
,,,,,0.16125
,,,,,0.16116
,,,,,0.21644000000000002
,,,,,0.18069000000000002
,,,,,0.12124000000000001
,,,,,0.14272
,,,,,0.13266
,,,,,0.063322
,,,,,0.065608
,,,,,0.099137
,,,,,0.070272
,,,,,0.054051999999999996
,,,,,0.12591
,,,,,0.13726
,,,,,0.11112999999999999
,,,,,0.16368
,,,,,0.19922
,,,,,0.15365
,,,,,0.14084000000000002
,,,,,0.17722000000000002
,,,,,0.14097
,,,,,0.069888
,,,,,0.091801
,,,,,0.086039
,,,,,0.028635
,,,,,0.029863
,,,,,0.041684
,,,,,0.032764
,,,,,0.049607
,,,,,0.050852
,,,,,0.0319
,,,,,0.035885
,,,,,0.049760000000000006
,,,,,0.042745
,,,,,0.025429
,,,,,0.038682999999999995
,,,,,0.05113
,,,,,0.037454
,,,,,0.026382
,,,,,0.047688
,,,,,0.049279
,,,,,0.028467000000000003
,,,,,0.031975
,,,,,0.042536000000000004
,,,,,0.038061000000000005
,,,,,0.030818
,,,,,0.026522000000000004
,,,,,0.030647000000000004
,,,,,0.041542
,,,,,0.036726
,,,,,0.0089487
,,,,,0.038616000000000004
,,,,,0.057869000000000004
,,,,,0.036537
,,,,,0.012289
,,,,,0.054777
,,,,,0.057491999999999994
,,,,,0.020673
,,,,,0.025055
,,,,,0.045903
,,,,,0.041573
,,,,,0.03177
,,,,,0.023791
,,,,,0.035884
,,,,,0.026561
,,,,,0.029220999999999997
,,,,,0.072766
,,,,,0.07017999999999999
,,,,,0.06654600000000001
,,,,,0.13458
,,,,,0.15602
,,,,,0.12728
,,,,,0.15475999999999998
,,,,,0.18642999999999998
,,,,,0.14514000000000002
,,,,,0.10637
,,,,,0.12955999999999998
,,,,,0.11332
,,,,,0.051784000000000004
,,,,,0.041865
,,,,,0.057985
,,,,,0.046544
,,,,,0.016196000000000002
,,,,,0.023037000000000002
,,,,,0.065278
,,,,,0.068402
,,,,,0.070015
,,,,,0.14757
,,,,,0.19214
,,,,,0.19942000000000001
,,,,,0.26145
,,,,,0.31717
,,,,,0.30449
,,,,,0.30156
,,,,,0.33044
,,,,,0.30143000000000003
,,,,,0.23883000000000001
,,,,,0.22016
,,,,,0.18604
,,,,,0.10962999999999999
,,,,,0.074563
,,,,,0.07096000000000001
,,,,,0.035271
,,,,,0.0
,,,,,0.0
,,,,,0.0
,,,,,0.0
,,,,,0.0
,,,,,0.0
,,,,,0.0
,,,,,0.0
,,,,,0.0
,,,,,0.0
,,,,,0.0
,,,,,0.0
,,,,,0.0
,,,,,0.0
,,,,,0.0
,,,,,0.0
,,,,,0.0
,,,,,0.0
,,,,,0.0
,,,,,0.0
,,,,,0.0
,,,,,0.0
,,,,,0.0
,,,,,0.0
,,,,,0.0
,,,,,0.0
,,,,,0.0
,,,,,0.0
,,,,,0.0
,,,,,0.0
,,,,,0.0
,,,,,0.0
,,,,,0.0
,,,,,0.0
,,,,,0.0
,,,,,0.0
,,,,,0.0
,,,,,0.0
,,,,,0.0
,,,,,0.0
,,,,,0.0
,,,,,0.0
,,,,,0.0
,,,,,0.0
,,,,,0.0
,,,,,0.0
,,,,,0.0
,,,,,0.0
,,,,,0.0
,,,,,0.0
,,,,,0.0
,,,,,0.0
,,,,,0.0
,,,,,0.0
,,,,,0.0
,,,,,0.0
,,,,,0.0
,,,,,0.0
,,,,,0.0
,,,,,0.0
,,,,,0.0
,,,,,0.0
,,,,,0.0
,,,,,0.0
,,,,,0.0
,,,,,0.0
,,,,,0.0
,,,,,0.0
,,,,,0.0
,,,,,0.0
,,,,,0.0
,,,,,0.0
,,,,,0.0
,,,,,0.0
,,,,,0.0
,,,,,0.0
,,,,,0.0
,,,,,0.0
,,,,,0.0
,,,,,0.0
,,,,,0.0
,,,,,0.0
,,,,,0.0
,,,,,0.0
,,,,,0.0
,,,,,0.0
,,,,,0.0
,,,,,0.0
,,,,,0.0
,,,,,0.0
,,,,,0.0
,,,,,0.0
,,,,,0.0
,,,,,0.0
,,,,,0.0
,,,,,0.0
,,,,,0.0
,,,,,0.0
,,,,,0.0
,,,,,0.0
,,,,,0.0
,,,,,0.0
,,,,,0.0
,,,,,0.0
,,,,,0.0
,,,,,0.0
,,,,,0.0
,,,,,0.0
,,,,,0.0
,,,,,0.0
,,,,,0.0
,,,,,0.0
,,,,,0.0
,,,,,0.0
,,,,,0.0
,,,,,0.0
,,,,,0.0
,,,,,0.0
,,,,,0.0
,,,,,0.0
,,,,,0.0
,,,,,0.0
,,,,,0.0
,,,,,0.0
,,,,,0.0
,,,,,0.0
,,,,,0.0
,,,,,0.0
,,,,,0.0
,,,,,0.0
,,,,,0.0
,,,,,0.0
,,,,,0.0
,,,,,0.0
,,,,,0.0
,,,,,0.0
,,,,,0.0
,,,,,0.0
,,,,,0.0
,,,,,0.0
,,,,,0.0
,,,,,0.0
,,,,,0.0
,,,,,0.0
,,,,,0.0
,,,,,0.0
,,,,,0.0
,,,,,0.0
,,,,,0.0
,,,,,0.0
,,,,,0.0
,,,,,0.0
,,,,,0.0
,,,,,0.0
,,,,,0.0
,,,,,0.0
,,,,,0.0
,,,,,0.0
,,,,,0.0
,,,,,0.0
,,,,,0.0
,,,,,0.0
,,,,,0.0
,,,,,0.0
,,,,,0.0
,,,,,0.0
,,,,,0.0
,,,,,0.0
,,,,,0.0
,,,,,0.0
,,,,,0.0
,,,,,0.0
,,,,,0.0
,,,,,0.0
,,,,,0.0
,,,,,0.0
,,,,,0.0
,,,,,0.0
,,,,,0.0
,,,,,0.0
,,,,,0.0
,,,,,0.0
,,,,,0.0
,,,,,0.0
,,,,,0.0
,,,,,0.0
,,,,,0.0
,,,,,0.0
,,,,,0.0
,,,,,0.0
,,,,,0.0
,,,,,0.0
,,,,,0.0
,,,,,0.0
,,,,,0.0
,,,,,0.0
,,,,,0.0
,,,,,0.0
,,,,,0.0
,,,,,0.0
,,,,,0.0
,,,,,0.0
,,,,,0.0
,,,,,0.0
,,,,,0.0
,,,,,0.0
,,,,,0.0
,,,,,0.0
,,,,,0.0
,,,,,0.0
,,,,,0.0
,,,,,0.0
,,,,,0.0
,,,,,0.0
,,,,,0.0
,,,,,0.0
,,,,,0.0
,,,,,0.07549600000000001
,,,,,0.07195800000000001
,,,,,0.07816100000000001
,,,,,0.063614
,,,,,0.066085
,,,,,0.045377
,,,,,0.045032
,,,,,0.022677000000000003
,,,,,0.025148
,,,,,0.0038104999999999997
,,,,,0.012537999999999999
,,,,,0.0043324
,,,,,0.014713999999999998
,,,,,0.011922
,,,,,0.026854000000000003
,,,,,0.029179000000000004
,,,,,0.045836
,,,,,0.050314
,,,,,0.065412
,,,,,0.06719
,,,,,0.07835800000000001
,,,,,0.072338
,,,,,0.079818
,,,,,0.06362899999999999
,,,,,0.068486
,,,,,0.04475
,,,,,0.048104
,,,,,0.023804
,,,,,0.027938
,,,,,0.006146199999999999
,,,,,0.0079625
,,,,,0.0094286
,,,,,0.025211
,,,,,0.031617
,,,,,0.047267
,,,,,0.057088
,,,,,0.06883500000000001
,,,,,0.076362
,,,,,0.080062
,,,,,0.084123
,,,,,0.077688
,,,,,0.076704
,,,,,0.064359
,,,,,0.057724
,,,,,0.043244
,,,,,0.037073
,,,,,0.023658000000000002
,,,,,0.022323
,,,,,0.014462000000000001
,,,,,0.012743
,,,,,0.0049773000000000005
,,,,,0.013452
,,,,,0.0051383
,,,,,0.012387
,,,,,0.0062058999999999994
,,,,,0.010523999999999999
,,,,,0.0067527
,,,,,0.0090038
,,,,,0.006007800000000001
,,,,,0.007149600000000001
,,,,,0.0060409
,,,,,0.005697
,,,,,0.0028344999999999998
,,,,,0.021221
,,,,,0.011059000000000001
,,,,,0.02404
,,,,,0.024798
,,,,,0.035021
,,,,,0.036106
,,,,,0.04158
,,,,,0.043153
,,,,,0.046611
,,,,,0.046419999999999996
,,,,,0.049507
,,,,,0.04743
,,,,,0.047493
,,,,,0.044456
,,,,,0.041304
,,,,,0.036259
,,,,,0.030310000000000004
,,,,,0.034664
,,,,,0.022915
,,,,,0.026813999999999998
,,,,,0.035443
,,,,,0.04506
,,,,,0.055973
,,,,,0.067427
,,,,,0.07622899999999999
,,,,,0.079766
,,,,,0.08519600000000001
,,,,,0.07960700000000001
,,,,,0.077653
,,,,,0.06615599999999999
,,,,,0.057430999999999996
,,,,,0.04202
,,,,,0.034931
,,,,,0.0149
,,,,,0.015205000000000002
,,,,,0.005224899999999999
,,,,,0.0040097
,,,,,0.021822
,,,,,0.013916999999999999
,,,,,0.027257
,,,,,0.026143
,,,,,0.045722000000000006
,,,,,0.043838
,,,,,0.066588
,,,,,0.060363
,,,,,0.079072
,,,,,0.067987
,,,,,0.080259
,,,,,0.06232000000000001
,,,,,0.07120599999999999
,,,,,0.045677999999999996
,,,,,0.05481799999999999
,,,,,0.026713
,,,,,0.035315
,,,,,0.009272399999999998
,,,,,0.027217
,,,,,0.005148399999999999
,,,,,0.013744999999999999
,,,,,0.0026904
,,,,,0.006863200000000001
,,,,,0.0074891
,,,,,0.0088513
,,,,,0.012971000000000002
,,,,,0.0074977
,,,,,0.0076492
,,,,,0.007132899999999999
,,,,,0.0022332
,,,,,0.0061638000000000005
,,,,,0.0095163
,,,,,0.0020804
,,,,,0.015969
,,,,,0.0023033000000000003
,,,,,0.015082
,,,,,0.0042411
,,,,,0.013966999999999999
,,,,,0.0021211
,,,,,0.020181
,,,,,0.0047873
,,,,,0.015006
,,,,,0.0063445
,,,,,0.0098839
,,,,,0.0073688
,,,,,0.016017
,,,,,0.016023
,,,,,0.018285
,,,,,0.019635
,,,,,0.017302
,,,,,0.019137
,,,,,0.023753
,,,,,0.029855
,,,,,0.029200999999999998
,,,,,0.048497000000000005
,,,,,0.055312
,,,,,0.074995
,,,,,0.08819199999999999
,,,,,0.098166
,,,,,0.1114
,,,,,0.10692
,,,,,0.11452999999999999
,,,,,0.09981
,,,,,0.095794
,,,,,0.080098
,,,,,0.06372799999999999
,,,,,0.049510000000000005
,,,,,0.035669
,,,,,0.021692
,,,,,0.017594
,,,,,0.0091933
,,,,,0.017978
,,,,,0.009637
,,,,,0.028867
,,,,,0.028292
,,,,,0.054110000000000005
,,,,,0.054028
,,,,,0.083892
,,,,,0.078056
,,,,,0.10504000000000001
,,,,,0.091148
,,,,,0.1086
,,,,,0.088879
,,,,,0.093738
,,,,,0.07267699999999999
,,,,,0.067112
,,,,,0.052819000000000005
,,,,,0.041486
,,,,,0.036648
,,,,,0.039657
,,,,,0.047894
,,,,,0.061451
,,,,,0.066846
,,,,,0.084497
,,,,,0.085497
,,,,,0.097833
,,,,,0.089659
,,,,,0.095051
,,,,,0.078457
,,,,,0.077025
,,,,,0.0542
,,,,,0.051737
,,,,,0.027859
,,,,,0.027135000000000003
,,,,,0.011004
,,,,,0.01287
,,,,,0.014273
,,,,,0.0048441000000000005
,,,,,0.015013
,,,,,0.0024625999999999997
,,,,,0.014418
,,,,,0.0015314999999999999
,,,,,0.015169
,,,,,0.0031273000000000004
,,,,,0.015125
,,,,,0.0040865
,,,,,0.014815
,,,,,0.0028099
,,,,,0.015082
,,,,,0.0011635999999999999
,,,,,0.011469
,,,,,0.0018475999999999998
,,,,,0.0071628
,,,,,0.0020599
,,,,,0.0047792
,,,,,0.0033442
,,,,,0.0020104
,,,,,0.005649
,,,,,0.001318
,,,,,0.008556600000000001
,,,,,0.0017975
,,,,,0.011617
,,,,,0.0018687999999999999
,,,,,0.014578
,,,,,0.0020317
,,,,,0.011783
,,,,,0.0023776
,,,,,0.0082507
,,,,,0.0024017
,,,,,0.005917899999999999
,,,,,0.006553
,,,,,0.005238800000000001
,,,,,0.0091598
,,,,,0.00084817
,,,,,0.019428
,,,,,0.016935
,,,,,0.038974
,,,,,0.042671
,,,,,0.059864999999999995
,,,,,0.06493
,,,,,0.077029
,,,,,0.075192
,,,,,0.08162799999999999
,,,,,0.07323099999999999
,,,,,0.07344500000000001
,,,,,0.054124
,,,,,0.05851
,,,,,0.030310000000000004
,,,,,0.035168
,,,,,0.015456000000000001
,,,,,0.018987
,,,,,0.0054411
,,,,,0.013576
,,,,,0.027879
,,,,,0.022781
,,,,,0.060940999999999995
,,,,,0.063474
,,,,,0.11452999999999999
,,,,,0.11703
,,,,,0.16635
,,,,,0.15975
,,,,,0.19744
,,,,,0.17409000000000002
,,,,,0.19660999999999998
,,,,,0.15628
,,,,,0.1615
,,,,,0.11452999999999999
,,,,,0.10622999999999999
,,,,,0.061778
,,,,,0.058426
,,,,,0.019309
,,,,,0.030284
,,,,,0.0
,,,,,0.0
,,,,,0.0
,,,,,0.0
,,,,,0.0
,,,,,0.0
,,,,,0.0
,,,,,0.0
,,,,,0.0
,,,,,0.0
,,,,,0.0
,,,,,0.0
,,,,,0.0
,,,,,0.0
,,,,,0.0
,,,,,0.0
,,,,,0.0
,,,,,0.0
,,,,,0.0
,,,,,0.0
,,,,,0.0
,,,,,0.0
,,,,,0.0
,,,,,0.0
,,,,,0.0
,,,,,0.0
,,,,,0.0
,,,,,0.0
,,,,,0.0
,,,,,0.0
,,,,,0.0
,,,,,0.0
,,,,,0.0
,,,,,0.0
,,,,,0.0
,,,,,0.0
,,,,,0.0
,,,,,0.0
,,,,,0.0
,,,,,0.0
,,,,,0.0
,,,,,0.0
,,,,,0.0
,,,,,0.0
,,,,,0.0
,,,,,0.0
,,,,,0.0
,,,,,0.0
,,,,,0.0
,,,,,0.0
,,,,,0.0
,,,,,0.0
,,,,,0.0
,,,,,0.0
,,,,,0.0
,,,,,0.0
,,,,,0.0
,,,,,0.0
,,,,,0.0
,,,,,0.0
,,,,,0.0
,,,,,0.0
,,,,,0.0
,,,,,0.0
,,,,,0.0
,,,,,0.0
,,,,,0.0
,,,,,0.0
,,,,,0.0
,,,,,0.0
,,,,,0.0
,,,,,0.0
,,,,,0.0
,,,,,0.0
,,,,,0.0
,,,,,0.0
,,,,,0.0
,,,,,0.0
,,,,,0.0
,,,,,0.0
,,,,,0.0
,,,,,0.0
,,,,,0.0
,,,,,0.0
,,,,,0.0
,,,,,0.0
,,,,,0.0
,,,,,0.0
,,,,,0.0
,,,,,0.0
,,,,,0.0
,,,,,0.0
,,,,,0.0
,,,,,0.0
,,,,,0.0
,,,,,0.0
,,,,,0.0
,,,,,0.0
,,,,,0.0
,,,,,0.0
,,,,,0.0
,,,,,0.0
,,,,,0.0
,,,,,0.0
,,,,,0.0
,,,,,0.0
,,,,,0.0
,,,,,0.0
,,,,,0.0
,,,,,0.0
,,,,,0.0
,,,,,0.0
,,,,,0.0
,,,,,0.0
,,,,,0.0
,,,,,0.0
,,,,,0.0
,,,,,0.0
,,,,,0.0
,,,,,0.0
,,,,,0.0
,,,,,0.0
,,,,,0.0
,,,,,0.0
,,,,,0.0
,,,,,0.0
,,,,,0.0
,,,,,0.0
,,,,,0.0
,,,,,0.0
,,,,,0.0
,,,,,0.0
,,,,,0.0
,,,,,0.0
,,,,,0.0
,,,,,0.0
,,,,,0.0
,,,,,0.0
,,,,,0.0
,,,,,0.0
,,,,,0.0
,,,,,0.0
,,,,,0.0
,,,,,0.0
,,,,,0.0
,,,,,0.0
,,,,,0.0
,,,,,0.0
,,,,,0.0
,,,,,0.0
,,,,,0.0
,,,,,0.0
,,,,,0.0
,,,,,0.0
,,,,,0.0
,,,,,0.0
,,,,,0.0
,,,,,0.0
,,,,,0.0
,,,,,0.0
,,,,,0.0
,,,,,0.0
,,,,,0.0
,,,,,0.0
,,,,,0.0
,,,,,0.0
,,,,,0.0
,,,,,0.0
,,,,,0.0
,,,,,0.0
,,,,,0.0
,,,,,0.0
,,,,,0.0
,,,,,0.0
,,,,,0.0
,,,,,0.0
,,,,,0.0
,,,,,0.0
,,,,,0.0
,,,,,0.0
,,,,,0.0
,,,,,0.0
,,,,,0.0
,,,,,0.0
,,,,,0.0
,,,,,0.0
,,,,,0.0
,,,,,0.0
,,,,,0.0
,,,,,0.0
,,,,,0.0
,,,,,0.0
,,,,,0.0
,,,,,0.0
,,,,,0.0
,,,,,0.0
,,,,,0.0
,,,,,0.0
,,,,,0.0
,,,,,0.0
,,,,,0.0
,,,,,0.0
,,,,,0.0
,,,,,0.0
,,,,,0.0
,,,,,0.0
,,,,,0.0
,,,,,0.0
,,,,,0.0
,,,,,0.0
,,,,,0.0
,,,,,0.0
,,,,,0.0
,,,,,0.0
,,,,,0.0
,,,,,0.0
,,,,,0.0
,,,,,0.050086
,,,,,0.048747000000000006
,,,,,0.062018
,,,,,0.052413
,,,,,0.034312
,,,,,0.043210000000000005
,,,,,0.039458999999999994
,,,,,0.013802000000000002
,,,,,0.019499000000000002
,,,,,0.025733
,,,,,0.0144
,,,,,0.008921799999999999
,,,,,0.01314
,,,,,0.014648
,,,,,0.016309
,,,,,0.0055126
,,,,,0.02245
,,,,,0.040843
,,,,,0.034502
,,,,,0.030758999999999998
,,,,,0.056366999999999993
,,,,,0.05414600000000001
,,,,,0.03141
,,,,,0.046963
,,,,,0.050299
,,,,,0.023815
,,,,,0.020019
,,,,,0.031488
,,,,,0.018637
,,,,,0.0011499000000000001
,,,,,0.018377
,,,,,0.025573
,,,,,0.014976
,,,,,0.023518999999999998
,,,,,0.047389
,,,,,0.044169
,,,,,0.039142
,,,,,0.062748
,,,,,0.0647
,,,,,0.048414
,,,,,0.054325
,,,,,0.061165
,,,,,0.042684
,,,,,0.029653
,,,,,0.038426
,,,,,0.030167000000000003
,,,,,0.0096659
,,,,,0.013153999999999999
,,,,,0.021023
,,,,,0.012478
,,,,,0.0014104
,,,,,0.012641
,,,,,0.014472
,,,,,0.00655
,,,,,0.006951899999999999
,,,,,0.013303
,,,,,0.0091274
,,,,,0.0071292000000000005
,,,,,0.01023
,,,,,0.0075012
,,,,,0.0089556
,,,,,0.013212999999999999
,,,,,0.011729999999999999
,,,,,0.0055918999999999995
,,,,,0.022521
,,,,,0.034761
,,,,,0.031287
,,,,,0.047369
,,,,,0.079837
,,,,,0.08522
,,,,,0.087977
,,,,,0.11606
,,,,,0.1249
,,,,,0.11144000000000001
,,,,,0.11690999999999999
,,,,,0.12013
,,,,,0.095062
,,,,,0.076961
,,,,,0.076504
,,,,,0.054789
,,,,,0.018057
,,,,,0.026823000000000003
,,,,,0.0099194
,,,,,0.026373
,,,,,0.042743
,,,,,0.03229
,,,,,0.055548
,,,,,0.076805
,,,,,0.064786
,,,,,0.06400499999999999
,,,,,0.08416699999999999
,,,,,0.072389
,,,,,0.050005
,,,,,0.06369
,,,,,0.056156
,,,,,0.02355
,,,,,0.029733999999999997
,,,,,0.028326999999999998
,,,,,0.006862600000000001
,,,,,0.0124
,,,,,0.017197
,,,,,0.0046029
,,,,,0.02102
,,,,,0.026376
,,,,,0.017493
,,,,,0.039917
,,,,,0.05386799999999999
,,,,,0.044971
,,,,,0.048902999999999995
,,,,,0.068966
,,,,,0.059079
,,,,,0.042788
,,,,,0.055970000000000006
,,,,,0.050794
,,,,,0.023978
,,,,,0.027639999999999998
,,,,,0.027193000000000002
,,,,,0.0058081
,,,,,0.0083747
,,,,,0.012255
,,,,,0.0024476999999999997
,,,,,0.0056471
,,,,,0.0074303
,,,,,0.007606100000000001
,,,,,0.0068858999999999995
,,,,,0.0049069
,,,,,0.007645300000000001
,,,,,0.013271999999999999
,,,,,0.0089803
,,,,,0.0079647
,,,,,0.016138999999999997
,,,,,0.011640000000000001
,,,,,0.009731100000000001
,,,,,0.015267
,,,,,0.012315999999999999
,,,,,0.013674
,,,,,0.016678
,,,,,0.010392
,,,,,0.019244999999999998
,,,,,0.023436000000000002
,,,,,0.007958499999999999
,,,,,0.012418
,,,,,0.020306
,,,,,0.013669
,,,,,0.007384899999999999
,,,,,0.025138
,,,,,0.01709
,,,,,0.005560100000000001
,,,,,0.017574
,,,,,0.011881999999999998
,,,,,0.0031079999999999997
,,,,,0.018684
,,,,,0.017731
,,,,,0.01127
,,,,,0.032458999999999995
,,,,,0.049601
,,,,,0.044265
,,,,,0.056709
,,,,,0.083196
,,,,,0.07828500000000001
,,,,,0.06653400000000001
,,,,,0.08461
,,,,,0.085698
,,,,,0.057335000000000004
,,,,,0.051181
,,,,,0.058619000000000004
,,,,,0.036054
,,,,,0.011801
,,,,,0.030144999999999998
,,,,,0.022131
,,,,,0.012087
,,,,,0.022494999999999998
,,,,,0.0098002
,,,,,0.03272
,,,,,0.04543
,,,,,0.024372
,,,,,0.045424
,,,,,0.078612
,,,,,0.06681000000000001
,,,,,0.054659000000000006
,,,,,0.08369800000000001
,,,,,0.081775
,,,,,0.053329999999999995
,,,,,0.059858
,,,,,0.060896000000000006
,,,,,0.029686
,,,,,0.024027
,,,,,0.026443
,,,,,0.015059999999999999
,,,,,0.034354
,,,,,0.026966000000000004
,,,,,0.036829
,,,,,0.06454
,,,,,0.061321
,,,,,0.051914
,,,,,0.072689
,,,,,0.076587
,,,,,0.054266999999999996
,,,,,0.057157000000000006
,,,,,0.064949
,,,,,0.043396
,,,,,0.028016000000000003
,,,,,0.036947
,,,,,0.026935
,,,,,0.0070691
,,,,,0.01712
,,,,,0.018243000000000002
,,,,,0.010873
,,,,,0.006858400000000001
,,,,,0.017925
,,,,,0.012908000000000001
,,,,,0.0068416
,,,,,0.016944
,,,,,0.010714
,,,,,0.0078813
,,,,,0.016974
,,,,,0.012282
,,,,,0.006333
,,,,,0.016087999999999998
,,,,,0.013588
,,,,,0.0041392
,,,,,0.014327000000000001
,,,,,0.017587000000000002
,,,,,0.007689399999999999
,,,,,0.010877
,,,,,0.018274000000000002
,,,,,0.012593
,,,,,0.0069096
,,,,,0.015613
,,,,,0.015030000000000002
,,,,,0.0083223
,,,,,0.010647
,,,,,0.012284999999999999
,,,,,0.012419
,,,,,0.012934999999999999
,,,,,0.008968799999999999
,,,,,0.013333000000000001
,,,,,0.018391
,,,,,0.0097701
,,,,,0.011842
,,,,,0.019188999999999998
,,,,,0.011349
,,,,,0.0062763
,,,,,0.006635600000000001
,,,,,0.013987000000000001
,,,,,0.02578
,,,,,0.021961
,,,,,0.030014
,,,,,0.051766999999999994
,,,,,0.051627
,,,,,0.048969
,,,,,0.064019
,,,,,0.06565800000000001
,,,,,0.052307000000000006
,,,,,0.052780999999999995
,,,,,0.053527
,,,,,0.042444
,,,,,0.021041999999999998
,,,,,0.032415
,,,,,0.028508999999999996
,,,,,0.004157500000000001
,,,,,0.019746
,,,,,0.010822
,,,,,0.01146
,,,,,0.024758000000000002
,,,,,0.024263
,,,,,0.038794
,,,,,0.075599
,,,,,0.085319
,,,,,0.08934600000000001
,,,,,0.12057999999999999
,,,,,0.13171
,,,,,0.11635999999999999
,,,,,0.12385999999999998
,,,,,0.12633
,,,,,0.09868400000000001
,,,,,0.079362
,,,,,0.07332899999999999
,,,,,0.05511799999999999
,,,,,0.02277
,,,,,0.022517
,,,,,0.023369
,,,,,0.0
,,,,,0.0
,,,,,0.0
,,,,,0.0
,,,,,0.0
,,,,,0.0
,,,,,0.0
,,,,,0.0
,,,,,0.0
,,,,,0.0
,,,,,0.0
,,,,,0.0
,,,,,0.0
,,,,,0.0
,,,,,0.0
,,,,,0.0
,,,,,0.0
,,,,,0.0
,,,,,0.0
,,,,,0.0
,,,,,0.0
,,,,,0.0
,,,,,0.0
,,,,,0.0
,,,,,0.0
,,,,,0.0
,,,,,0.0
,,,,,0.0
,,,,,0.0
,,,,,0.0
,,,,,0.0
,,,,,0.0
,,,,,0.0
,,,,,0.0
,,,,,0.0
,,,,,0.0
,,,,,0.0
,,,,,0.0
,,,,,0.0
,,,,,0.0
,,,,,0.0
,,,,,0.0
,,,,,0.0
,,,,,0.0
,,,,,0.0
,,,,,0.0
,,,,,0.0
,,,,,0.0
,,,,,0.0
,,,,,0.0
,,,,,0.0
,,,,,0.0
,,,,,0.0
,,,,,0.0
,,,,,0.0
,,,,,0.0
,,,,,0.0
,,,,,0.0
,,,,,0.0
,,,,,0.0
,,,,,0.0
,,,,,0.0
,,,,,0.0
,,,,,0.0
,,,,,0.0
,,,,,0.0
,,,,,0.0
,,,,,0.0
,,,,,0.0
,,,,,0.0
,,,,,0.0
,,,,,0.0
,,,,,0.0
,,,,,0.0
,,,,,0.0
,,,,,0.0
,,,,,0.0
,,,,,0.0
,,,,,0.0
,,,,,0.0
,,,,,0.0
,,,,,0.0
,,,,,0.0
,,,,,0.0
,,,,,0.0
,,,,,0.0
,,,,,0.0
,,,,,0.0
,,,,,0.0
,,,,,0.0
,,,,,0.0
,,,,,0.0
,,,,,0.0
,,,,,0.0
,,,,,0.0
,,,,,0.0
,,,,,0.0
,,,,,0.0
,,,,,0.0
,,,,,0.0
,,,,,0.0
,,,,,0.0
,,,,,0.0
,,,,,0.0
,,,,,0.0
,,,,,0.0
,,,,,0.0
,,,,,0.0
,,,,,0.0
,,,,,0.0
,,,,,0.0
,,,,,0.0
,,,,,0.0
,,,,,0.0
,,,,,0.0
,,,,,0.0
,,,,,0.0
,,,,,0.0
,,,,,0.0
,,,,,0.0
,,,,,0.0
,,,,,0.0
,,,,,0.0
,,,,,0.0
,,,,,0.0
,,,,,0.0
,,,,,0.0
,,,,,0.0
,,,,,0.0
,,,,,0.0
,,,,,0.0
,,,,,0.0
,,,,,0.0
,,,,,0.0
,,,,,0.0
,,,,,0.0
,,,,,0.0
,,,,,0.0
,,,,,0.0
,,,,,0.0
,,,,,0.0
,,,,,0.0
,,,,,0.0
,,,,,0.0
,,,,,0.0
,,,,,0.0
,,,,,0.0
,,,,,0.0
,,,,,0.0
,,,,,0.0
,,,,,0.0
,,,,,0.0
,,,,,0.0
,,,,,0.0
,,,,,0.0
,,,,,0.0
,,,,,0.0
,,,,,0.0
,,,,,0.0
,,,,,0.0
,,,,,0.0
,,,,,0.0
,,,,,0.0
,,,,,0.0
,,,,,0.0
,,,,,0.0
,,,,,0.0
,,,,,0.0
,,,,,0.0
,,,,,0.0
,,,,,0.0
,,,,,0.0
,,,,,0.0
,,,,,0.0
,,,,,0.0
,,,,,0.0
,,,,,0.0
,,,,,0.0
,,,,,0.0
,,,,,0.0
,,,,,0.0
,,,,,0.0
,,,,,0.0
,,,,,0.0
,,,,,0.0
,,,,,0.0
,,,,,0.0
,,,,,0.0
,,,,,0.0
,,,,,0.0
,,,,,0.0
,,,,,0.0
,,,,,0.0
,,,,,0.0
,,,,,0.0
,,,,,0.0
,,,,,0.0
,,,,,0.0
,,,,,0.0
,,,,,0.0
,,,,,0.0
,,,,,0.0
,,,,,0.0
,,,,,0.0
,,,,,0.0
,,,,,0.0
,,,,,0.0
,,,,,0.0
,,,,,0.0
,,,,,0.0
,,,,,0.0
,,,,,0.0
,,,,,0.0
,,,,,0.0
,,,,,0.0
,,,,,0.0
,,,,,0.0
,,,,,0.038114
,,,,,0.045356
,,,,,0.051637999999999996
,,,,,0.052993
,,,,,0.050647000000000005
,,,,,0.043882
,,,,,0.034714999999999996
,,,,,0.023809999999999998
,,,,,0.015058000000000002
,,,,,0.011874
,,,,,0.014066
,,,,,0.018709
,,,,,0.018006
,,,,,0.014374000000000001
,,,,,0.007607600000000001
,,,,,0.0027439
,,,,,0.015390000000000001
,,,,,0.029026999999999997
,,,,,0.041467000000000004
,,,,,0.051391
,,,,,0.056278999999999996
,,,,,0.054725
,,,,,0.046814
,,,,,0.034765
,,,,,0.020887
,,,,,0.0084961
,,,,,0.0099633
,,,,,0.017457
,,,,,0.019816
,,,,,0.012387
,,,,,0.008391500000000001
,,,,,0.010604
,,,,,0.021953999999999998
,,,,,0.034673
,,,,,0.045242000000000004
,,,,,0.052474
,,,,,0.05425700000000001
,,,,,0.050892
,,,,,0.04483
,,,,,0.036614
,,,,,0.028462
,,,,,0.023874
,,,,,0.024166
,,,,,0.025931
,,,,,0.027285000000000004
,,,,,0.026857
,,,,,0.025282
,,,,,0.022628
,,,,,0.020397
,,,,,0.013399000000000001
,,,,,0.011164
,,,,,0.011059999999999999
,,,,,0.013955
,,,,,0.017838999999999997
,,,,,0.02014
,,,,,0.021215
,,,,,0.019172
,,,,,0.016655
,,,,,0.014147999999999999
,,,,,0.014618
,,,,,0.015524000000000001
,,,,,0.015453999999999999
,,,,,0.017815
,,,,,0.013969
,,,,,0.0094187
,,,,,0.0047420000000000006
,,,,,0.0056663
,,,,,0.01158
,,,,,0.016319
,,,,,0.018691
,,,,,0.020413
,,,,,0.02104
,,,,,0.020958
,,,,,0.019129
,,,,,0.019387
,,,,,0.019659
,,,,,0.022171
,,,,,0.02502
,,,,,0.027586000000000003
,,,,,0.028173
,,,,,0.032913
,,,,,0.031048000000000003
,,,,,0.031567000000000005
,,,,,0.029483
,,,,,0.025208
,,,,,0.019637
,,,,,0.016319
,,,,,0.021537999999999998
,,,,,0.031724
,,,,,0.042525
,,,,,0.052252
,,,,,0.05844
,,,,,0.058752
,,,,,0.053314999999999994
,,,,,0.042741
,,,,,0.028163999999999998
,,,,,0.012674
,,,,,0.0070202
,,,,,0.014687
,,,,,0.019042
,,,,,0.021949
,,,,,0.018044
,,,,,0.008632899999999999
,,,,,0.0053362999999999996
,,,,,0.021601
,,,,,0.036875
,,,,,0.049394
,,,,,0.057590999999999996
,,,,,0.061664
,,,,,0.060006
,,,,,0.052993
,,,,,0.041852999999999994
,,,,,0.028819
,,,,,0.01747
,,,,,0.008259
,,,,,0.0090484
,,,,,0.016083
,,,,,0.021773
,,,,,0.023406
,,,,,0.023025
,,,,,0.019011
,,,,,0.018509
,,,,,0.015203999999999999
,,,,,0.009334100000000001
,,,,,0.0044402999999999995
,,,,,0.0068637
,,,,,0.011807
,,,,,0.015737
,,,,,0.018386000000000003
,,,,,0.019487
,,,,,0.017740000000000002
,,,,,0.015056
,,,,,0.013817
,,,,,0.01187
,,,,,0.011466
,,,,,0.013307
,,,,,0.018005
,,,,,0.023543
,,,,,0.026893
,,,,,0.024492
,,,,,0.019431999999999998
,,,,,0.012832
,,,,,0.005654600000000001
,,,,,0.0040493000000000005
,,,,,0.014008000000000001
,,,,,0.021105000000000002
,,,,,0.022882
,,,,,0.019918
,,,,,0.015183000000000002
,,,,,0.012176000000000001
,,,,,0.01128
,,,,,0.019947
,,,,,0.026186
,,,,,0.03576
,,,,,0.042707999999999996
,,,,,0.049888
,,,,,0.05152999999999999
,,,,,0.04937
,,,,,0.046157
,,,,,0.043837
,,,,,0.047362
,,,,,0.053737
,,,,,0.06239600000000001
,,,,,0.068642
,,,,,0.069788
,,,,,0.066501
,,,,,0.057241999999999994
,,,,,0.042506
,,,,,0.025358000000000002
,,,,,0.013137000000000001
,,,,,0.012478
,,,,,0.022821
,,,,,0.023806
,,,,,0.019022
,,,,,0.0075523
,,,,,0.008077899999999999
,,,,,0.0275
,,,,,0.046405
,,,,,0.062595
,,,,,0.07272100000000001
,,,,,0.075574
,,,,,0.07221699999999999
,,,,,0.06193200000000001
,,,,,0.04749
,,,,,0.031370999999999996
,,,,,0.01599
,,,,,0.011916
,,,,,0.015686000000000002
,,,,,0.017171000000000002
,,,,,0.012010999999999999
,,,,,0.004103100000000001
,,,,,0.01395
,,,,,0.028418000000000002
,,,,,0.042211
,,,,,0.053611
,,,,,0.062318
,,,,,0.06630599999999999
,,,,,0.064481
,,,,,0.05667899999999999
,,,,,0.043989999999999994
,,,,,0.0292
,,,,,0.013533000000000002
,,,,,0.0081427
,,,,,0.015719
,,,,,0.019687
,,,,,0.019799
,,,,,0.018137999999999998
,,,,,0.012575
,,,,,0.0098245
,,,,,0.013796000000000001
,,,,,0.019364
,,,,,0.023358
,,,,,0.024396
,,,,,0.022713999999999998
,,,,,0.021228
,,,,,0.021601
,,,,,0.023913
,,,,,0.025071
,,,,,0.02341
,,,,,0.020444999999999998
,,,,,0.016483
,,,,,0.013919999999999998
,,,,,0.014668
,,,,,0.016936
,,,,,0.017478
,,,,,0.016198
,,,,,0.013496000000000001
,,,,,0.012723
,,,,,0.015316999999999999
,,,,,0.018751
,,,,,0.021616999999999997
,,,,,0.022697
,,,,,0.020062
,,,,,0.015102
,,,,,0.010994
,,,,,0.010416
,,,,,0.014433000000000001
,,,,,0.018829
,,,,,0.020581
,,,,,0.020409
,,,,,0.020009
,,,,,0.021824
,,,,,0.024886000000000002
,,,,,0.027953
,,,,,0.028397000000000002
,,,,,0.026099
,,,,,0.022563
,,,,,0.024607
,,,,,0.034089999999999995
,,,,,0.045685
,,,,,0.054676
,,,,,0.061127999999999995
,,,,,0.06264
,,,,,0.057974
,,,,,0.050407
,,,,,0.041162
,,,,,0.032101
,,,,,0.021972
,,,,,0.011281
,,,,,0.0057963
,,,,,0.007696
,,,,,0.011406999999999999
,,,,,0.0081932
,,,,,0.015597999999999999
,,,,,0.027691000000000004
,,,,,0.043565
,,,,,0.060667
,,,,,0.07716
,,,,,0.089948
,,,,,0.09873
,,,,,0.10315
,,,,,0.10321
,,,,,0.10039
,,,,,0.09643600000000001
,,,,,0.091017
,,,,,0.082821
,,,,,0.071387
,,,,,0.058079
,,,,,0.045887
,,,,,0.033974000000000004
,,,,,0.023056
,,,,,0.015447
,,,,,0.0
,,,,,0.0
,,,,,0.0
,,,,,0.0
,,,,,0.0
,,,,,0.0
,,,,,0.0
,,,,,0.0
,,,,,0.0
,,,,,0.0
,,,,,0.0
,,,,,0.0
,,,,,0.0
,,,,,0.0
,,,,,0.0
,,,,,0.0
,,,,,0.0
,,,,,0.0
,,,,,0.0
,,,,,0.0
,,,,,0.0
,,,,,0.0
,,,,,0.0
,,,,,0.0
,,,,,0.0
,,,,,0.0
,,,,,0.0
,,,,,0.0
,,,,,0.0
,,,,,0.0
,,,,,0.0
,,,,,0.0
,,,,,0.0
,,,,,0.0
,,,,,0.0
,,,,,0.0
,,,,,0.0
,,,,,0.0
,,,,,0.0
,,,,,0.0
,,,,,0.0
,,,,,0.0
,,,,,0.0
,,,,,0.0
,,,,,0.0
,,,,,0.0
,,,,,0.0
,,,,,0.0
,,,,,0.0
,,,,,0.0
,,,,,0.0
,,,,,0.0
,,,,,0.0
,,,,,0.0
,,,,,0.0
,,,,,0.0
,,,,,0.0
,,,,,0.0
,,,,,0.0
,,,,,0.0
,,,,,0.0
,,,,,0.0
,,,,,0.0
,,,,,0.0
,,,,,0.0
,,,,,0.0
,,,,,0.0
,,,,,0.0
,,,,,0.0
,,,,,0.0
,,,,,0.0
,,,,,0.0
,,,,,0.0
,,,,,0.0
,,,,,0.0
,,,,,0.0
,,,,,0.0
,,,,,0.0
,,,,,0.0
,,,,,0.0
,,,,,0.0
,,,,,0.0
,,,,,0.0
,,,,,0.0
,,,,,0.0
,,,,,0.0
,,,,,0.0
,,,,,0.0
,,,,,0.0
,,,,,0.0
,,,,,0.0
,,,,,0.0
,,,,,0.0
,,,,,0.0
,,,,,0.0
,,,,,0.0
,,,,,0.0
,,,,,0.0
,,,,,0.0
,,,,,0.0
,,,,,0.0
,,,,,0.0
,,,,,0.0
,,,,,0.0
,,,,,0.0
,,,,,0.0
,,,,,0.0
,,,,,0.0
,,,,,0.0
,,,,,0.0
,,,,,0.0
,,,,,0.0
,,,,,0.0
,,,,,0.0
,,,,,0.0
,,,,,0.0
,,,,,0.0
,,,,,0.0
,,,,,0.0
,,,,,0.0
,,,,,0.0
,,,,,0.0
,,,,,0.0
,,,,,0.0
,,,,,0.0
,,,,,0.0
,,,,,0.0
,,,,,0.0
,,,,,0.0
,,,,,0.0
,,,,,0.0
,,,,,0.0
,,,,,0.0
,,,,,0.0
,,,,,0.0
,,,,,0.0
,,,,,0.0
,,,,,0.0
,,,,,0.0
,,,,,0.0
,,,,,0.0
,,,,,0.0
,,,,,0.0
,,,,,0.0
,,,,,0.0
,,,,,0.0
,,,,,0.0
,,,,,0.0
,,,,,0.0
,,,,,0.0
,,,,,0.0
,,,,,0.0
,,,,,0.0
,,,,,0.0
,,,,,0.0
,,,,,0.0
,,,,,0.0
,,,,,0.0
,,,,,0.0
,,,,,0.0
,,,,,0.0
,,,,,0.0
,,,,,0.0
,,,,,0.0
,,,,,0.0
,,,,,0.0
,,,,,0.0
,,,,,0.0
,,,,,0.0
,,,,,0.0
,,,,,0.0
,,,,,0.0
,,,,,0.0
,,,,,0.0
,,,,,0.0
,,,,,0.0
,,,,,0.0
,,,,,0.0
,,,,,0.0
,,,,,0.0
,,,,,0.0
,,,,,0.0
,,,,,0.0
,,,,,0.0
,,,,,0.0
,,,,,0.0
,,,,,0.0
,,,,,0.0
,,,,,0.0
,,,,,0.0
,,,,,0.0
,,,,,0.0
,,,,,0.0
,,,,,0.0
,,,,,0.0
,,,,,0.0
,,,,,0.0
,,,,,0.0
,,,,,0.0
,,,,,0.0
,,,,,0.0
,,,,,0.0
,,,,,0.0
,,,,,0.0
,,,,,0.0
,,,,,0.0
,,,,,0.0
,,,,,0.0
,,,,,0.0
,,,,,0.0
,,,,,0.0
,,,,,0.0
,,,,,0.0
,,,,,0.0
,,,,,0.0
,,,,,0.0
,,,,,0.0
