a,2019-08-16 12:58:41.203,-0.103118896484375,0.09283447265625,-0.983795166015625,0.045097000000000005
a,2019-08-16 12:58:41.303,-0.1005401611328125,0.0981292724609375,-0.99578857421875,0.045777
a,2019-08-16 12:58:41.402,-0.1229705810546875,0.086700439453125,-0.9981842041015624,0.043623
a,2019-08-16 12:58:41.502,-0.1291656494140625,0.082244873046875,-0.994781494140625,0.040046
a,2019-08-16 12:58:41.602,-0.12274169921875,0.09136962890625,-0.984954833984375,0.034996
a,2019-08-16 12:58:41.702,-0.1148834228515625,0.0959930419921875,-0.9849395751953124,0.02953
a,2019-08-16 12:58:41.802,-0.1165313720703125,0.09661865234375,-0.9866180419921876,0.024063
a,2019-08-16 12:58:41.902,-0.1344757080078125,0.077484130859375,-0.9927215576171876,0.01847
a,2019-08-16 12:58:42.002,-0.1455841064453125,0.079315185546875,-0.9855499267578124,0.0136
a,2019-08-16 12:58:42.102,-0.1562652587890625,0.0888519287109375,-0.9924468994140624,0.0074954999999999996
a,2019-08-16 12:58:42.201,-0.195953369140625,0.07513427734375,-0.9763031005859376,0.007812600000000001
a,2019-08-16 12:58:42.301,-0.235321044921875,0.0770263671875,-0.9951019287109376,0.018249
a,2019-08-16 12:58:42.401,-0.1708526611328125,0.0504302978515625,-0.996826171875,0.03128
a,2019-08-16 12:58:42.501,0.007537841796875,0.01873779296875,-1.0171966552734375,0.046152
a,2019-08-16 12:58:42.601,-0.02801513671875,0.03240966796875,-1.0140838623046875,0.059573
a,2019-08-16 12:58:42.700,-0.1782684326171875,0.0574188232421875,-0.994873046875,0.071547
a,2019-08-16 12:58:42.800,-0.2384490966796875,0.1650543212890625,-0.9732666015625,0.080857
a,2019-08-16 12:58:42.900,-0.1580352783203125,0.1491241455078125,-0.9852752685546876,0.087516
a,2019-08-16 12:58:42.999,-0.1297149658203125,0.1618499755859375,-0.9504852294921876,0.08873099999999999
a,2019-08-16 12:58:43.099,-0.17266845703125,-0.0496368408203125,-1.021331787109375,0.086096
a,2019-08-16 12:58:43.199,-0.2126312255859375,0.0304412841796875,-0.9881591796875,0.078511
a,2019-08-16 12:58:43.299,-0.2408294677734375,0.0477447509765625,-0.985626220703125,0.068591
a,2019-08-16 12:58:43.399,-0.164825439453125,0.0678558349609375,-0.99151611328125,0.056343
a,2019-08-16 12:58:43.499,0.0144195556640625,0.1306610107421875,-0.949554443359375,0.042611
a,2019-08-16 12:58:43.599,-0.0298919677734375,0.0544281005859375,-1.0338287353515625,0.030795999999999997
a,2019-08-16 12:58:43.698,-0.2164459228515625,0.193145751953125,-1.0212860107421875,0.022343000000000002
a,2019-08-16 12:58:43.798,-0.3407440185546875,0.250946044921875,-0.969512939453125,0.021849
a,2019-08-16 12:58:43.898,-0.2861785888671875,0.162872314453125,-0.9781951904296876,0.028203
a,2019-08-16 12:58:43.998,-0.111328125,0.1060333251953125,-0.92864990234375,0.035696
a,2019-08-16 12:58:44.098,-0.1301727294921875,-0.189971923828125,-1.0295867919921875,0.045332
a,2019-08-16 12:58:44.198,-0.2255706787109375,0.1110992431640625,-1.027557373046875,0.053804
a,2019-08-16 12:58:44.297,-0.1904449462890625,-0.068572998046875,-0.9623260498046876,0.060504999999999996
a,2019-08-16 12:58:44.397,-0.136444091796875,0.1092529296875,-0.9736480712890624,0.063799
a,2019-08-16 12:58:44.497,-0.0644073486328125,0.188629150390625,-0.98040771484375,0.063953
a,2019-08-16 12:58:44.597,-0.0928955078125,0.0734710693359375,-0.9819793701171876,0.061587
a,2019-08-16 12:58:44.697,-0.175048828125,0.025360107421875,-0.994140625,0.05541
a,2019-08-16 12:58:44.796,-0.2386932373046875,0.0067138671875,-0.994232177734375,0.047351
a,2019-08-16 12:58:44.897,-0.1422119140625,0.0702056884765625,-0.9650421142578124,0.038113
a,2019-08-16 12:58:44.996,-0.1181640625,0.076080322265625,-0.9843597412109376,0.029812
a,2019-08-16 12:58:45.097,-0.1420440673828125,0.058349609375,-0.9949493408203124,0.02249
a,2019-08-16 12:58:45.196,-0.1369476318359375,0.0830078125,-0.9983062744140624,0.015269
a,2019-08-16 12:58:45.295,-0.1258697509765625,0.0822601318359375,-0.9832611083984376,0.010759000000000001
a,2019-08-16 12:58:45.395,-0.1349945068359375,0.0830535888671875,-0.98052978515625,0.010206
a,2019-08-16 12:58:45.496,-0.12969970703125,0.0713653564453125,-0.9871673583984376,0.010440999999999999
a,2019-08-16 12:58:45.595,-0.13873291015625,0.096771240234375,-0.985931396484375,0.011173
a,2019-08-16 12:58:45.695,-0.13153076171875,0.08612060546875,-0.9853363037109376,0.011341
,,,,,0.010676999999999999
,,,,,0.009706000000000001
,,,,,0.0080284
,,,,,0.0079143
,,,,,0.006596600000000001
,,,,,0.005599600000000001
,,,,,0.0041262
,,,,,0.007583100000000001
,,,,,0.0076806
,,,,,0.0099982
,,,,,0.012354
,,,,,0.013118000000000001
,,,,,0.015997
,,,,,0.016202
,,,,,0.015316
,,,,,0.01705
,,,,,0.019546
,,,,,0.02477
,,,,,0.03361
,,,,,0.043627
,,,,,0.052626
,,,,,0.059262
,,,,,0.06302999999999999
,,,,,0.062179
,,,,,0.057036
,,,,,0.051635
,,,,,0.046478
,,,,,0.03609
,,,,,0.027817
,,,,,0.01916
,,,,,0.011361
,,,,,0.0080085
,,,,,0.004247
,,,,,0.0080883
,,,,,0.014480000000000002
,,,,,0.024322999999999997
,,,,,0.035424000000000004
,,,,,0.047294
,,,,,0.059151999999999996
,,,,,0.06899
,,,,,0.077333
,,,,,0.08337
,,,,,0.08579099999999999
,,,,,0.082126
,,,,,0.07561799999999999
,,,,,0.06685
,,,,,0.054770000000000006
,,,,,0.042625
,,,,,0.030197
,,,,,0.018691
,,,,,0.0067312
,,,,,0.0021544
,,,,,0.01151
,,,,,0.014215
,,,,,0.016002000000000002
,,,,,0.019068
,,,,,0.020378999999999998
,,,,,0.020812999999999998
,,,,,0.018542
,,,,,0.014238999999999998
,,,,,0.011265
,,,,,0.0077694999999999995
,,,,,0.0068132999999999996
,,,,,0.0090375
,,,,,0.010148
,,,,,0.0090649
,,,,,0.007664399999999999
,,,,,0.0073197
,,,,,0.0096255
,,,,,0.013477000000000001
,,,,,0.020066
,,,,,0.02932
,,,,,0.042442
,,,,,0.056288
,,,,,0.066771
,,,,,0.076071
,,,,,0.079826
,,,,,0.081485
,,,,,0.082102
,,,,,0.07513500000000001
,,,,,0.06346
,,,,,0.053196
,,,,,0.043026
,,,,,0.032193
,,,,,0.022588
,,,,,0.011165999999999999
,,,,,0.0016091999999999999
,,,,,0.004361600000000001
,,,,,0.014625
,,,,,0.020054
,,,,,0.025626999999999997
,,,,,0.029586
,,,,,0.030193
,,,,,0.037162
,,,,,0.043028
,,,,,0.044269
,,,,,0.039249
,,,,,0.037835
,,,,,0.032389999999999995
,,,,,0.023913
,,,,,0.017148
,,,,,0.016646
,,,,,0.019637
,,,,,0.024498
,,,,,0.029847000000000002
,,,,,0.035249
,,,,,0.039938999999999995
,,,,,0.047695
,,,,,0.05385499999999999
,,,,,0.056674
,,,,,0.059809
,,,,,0.062834
,,,,,0.058061
,,,,,0.047782
,,,,,0.04488
,,,,,0.039513
,,,,,0.032096
,,,,,0.022404
,,,,,0.015085
,,,,,0.012833
,,,,,0.011248000000000001
,,,,,0.007175399999999999
,,,,,0.011495
,,,,,0.016434
,,,,,0.022423
,,,,,0.028727999999999997
,,,,,0.033871
,,,,,0.040139999999999995
,,,,,0.044812
,,,,,0.047289
,,,,,0.048303
,,,,,0.047442000000000005
,,,,,0.04704
,,,,,0.045163999999999996
,,,,,0.041453
,,,,,0.037062
,,,,,0.033154
,,,,,0.029352
,,,,,0.024741
,,,,,0.022573
,,,,,0.020477000000000002
,,,,,0.014783000000000001
,,,,,0.014049
,,,,,0.012287000000000001
,,,,,0.0094603
,,,,,0.0070143
,,,,,0.0055426
,,,,,0.005374800000000001
,,,,,0.006128
,,,,,0.0059333
,,,,,0.0061622
,,,,,0.0061749
,,,,,0.007986700000000001
,,,,,0.0071368
,,,,,0.015557
,,,,,0.016771
,,,,,0.019418
,,,,,0.023421
,,,,,0.028687999999999998
,,,,,0.034031
,,,,,0.03916
,,,,,0.045631
,,,,,0.05255599999999999
,,,,,0.058178999999999995
,,,,,0.060614999999999995
,,,,,0.060657
,,,,,0.05765700000000001
,,,,,0.052815999999999995
,,,,,0.045872
,,,,,0.037173000000000005
,,,,,0.029285000000000002
,,,,,0.023103
,,,,,0.016574000000000002
,,,,,0.013043
,,,,,0.027058999999999996
,,,,,0.046932999999999996
,,,,,0.07835299999999999
,,,,,0.11849000000000001
,,,,,0.16284
,,,,,0.20674
,,,,,0.2453
,,,,,0.27458
,,,,,0.29146
,,,,,0.29493
,,,,,0.28446
,,,,,0.26097
,,,,,0.22688000000000003
,,,,,0.18559
,,,,,0.14176
,,,,,0.09904600000000001
,,,,,0.061117
,,,,,0.031885000000000004
,,,,,0.018371000000000002
,,,,,0.018576
,,,,,0.0
,,,,,0.0
,,,,,0.0
,,,,,0.0
,,,,,0.0
,,,,,0.0
,,,,,0.0
,,,,,0.0
,,,,,0.0
,,,,,0.0
,,,,,0.0
,,,,,0.0
,,,,,0.0
,,,,,0.0
,,,,,0.0
,,,,,0.0
,,,,,0.0
,,,,,0.0
,,,,,0.0
,,,,,0.0
,,,,,0.0
,,,,,0.0
,,,,,0.0
,,,,,0.0
,,,,,0.0
,,,,,0.0
,,,,,0.0
,,,,,0.0
,,,,,0.0
,,,,,0.0
,,,,,0.0
,,,,,0.0
,,,,,0.0
,,,,,0.0
,,,,,0.0
,,,,,0.0
,,,,,0.0
,,,,,0.0
,,,,,0.0
,,,,,0.0
,,,,,0.0
,,,,,0.0
,,,,,0.0
,,,,,0.0
,,,,,0.0
,,,,,0.0
,,,,,0.0
,,,,,0.0
,,,,,0.0
,,,,,0.0
,,,,,0.0
,,,,,0.0
,,,,,0.0
,,,,,0.0
,,,,,0.0
,,,,,0.0
,,,,,0.0
,,,,,0.0
,,,,,0.0
,,,,,0.0
,,,,,0.0
,,,,,0.0
,,,,,0.0
,,,,,0.0
,,,,,0.0
,,,,,0.0
,,,,,0.0
,,,,,0.0
,,,,,0.0
,,,,,0.0
,,,,,0.0
,,,,,0.0
,,,,,0.0
,,,,,0.0
,,,,,0.0
,,,,,0.0
,,,,,0.0
,,,,,0.0
,,,,,0.0
,,,,,0.0
,,,,,0.0
,,,,,0.0
,,,,,0.0
,,,,,0.0
,,,,,0.0
,,,,,0.0
,,,,,0.0
,,,,,0.0
,,,,,0.0
,,,,,0.0
,,,,,0.0
,,,,,0.0
,,,,,0.0
,,,,,0.0
,,,,,0.0
,,,,,0.0
,,,,,0.0
,,,,,0.0
,,,,,0.0
,,,,,0.0
,,,,,0.0
,,,,,0.0
,,,,,0.0
,,,,,0.0
,,,,,0.0
,,,,,0.0
,,,,,0.0
,,,,,0.0
,,,,,0.0
,,,,,0.0
,,,,,0.0
,,,,,0.0
,,,,,0.0
,,,,,0.0
,,,,,0.0
,,,,,0.0
,,,,,0.0
,,,,,0.0
,,,,,0.0
,,,,,0.0
,,,,,0.0
,,,,,0.0
,,,,,0.0
,,,,,0.0
,,,,,0.0
,,,,,0.0
,,,,,0.0
,,,,,0.0
,,,,,0.0
,,,,,0.0
,,,,,0.0
,,,,,0.0
,,,,,0.0
,,,,,0.0
,,,,,0.0
,,,,,0.0
,,,,,0.0
,,,,,0.0
,,,,,0.0
,,,,,0.0
,,,,,0.0
,,,,,0.0
,,,,,0.0
,,,,,0.0
,,,,,0.0
,,,,,0.0
,,,,,0.0
,,,,,0.0
,,,,,0.0
,,,,,0.0
,,,,,0.0
,,,,,0.0
,,,,,0.0
,,,,,0.0
,,,,,0.0
,,,,,0.0
,,,,,0.0
,,,,,0.0
,,,,,0.0
,,,,,0.0
,,,,,0.0
,,,,,0.0
,,,,,0.0
,,,,,0.0
,,,,,0.0
,,,,,0.0
,,,,,0.0
,,,,,0.0
,,,,,0.0
,,,,,0.0
,,,,,0.0
,,,,,0.0
,,,,,0.0
,,,,,0.0
,,,,,0.0
,,,,,0.0
,,,,,0.0
,,,,,0.0
,,,,,0.0
,,,,,0.0
,,,,,0.0
,,,,,0.0
,,,,,0.0
,,,,,0.0
,,,,,0.0
,,,,,0.0
,,,,,0.0
,,,,,0.0
,,,,,0.0
,,,,,0.0
,,,,,0.0
,,,,,0.0
,,,,,0.0
,,,,,0.0
,,,,,0.0
,,,,,0.0
,,,,,0.0
,,,,,0.0
,,,,,0.0
,,,,,0.0
,,,,,0.0
,,,,,0.0
,,,,,0.0
,,,,,0.0
,,,,,0.0
,,,,,0.0
,,,,,0.0
,,,,,0.0
,,,,,0.0
,,,,,0.0
,,,,,0.0
,,,,,0.0
,,,,,0.0
,,,,,0.0
,,,,,0.0
,,,,,0.0
,,,,,0.0
,,,,,0.0
,,,,,0.0
,,,,,0.0
,,,,,0.0
,,,,,0.0
,,,,,0.0
,,,,,0.0
,,,,,0.0
,,,,,0.0
,,,,,0.0
,,,,,0.0
,,,,,0.0
,,,,,0.0
,,,,,0.0
,,,,,0.0
,,,,,0.0
,,,,,0.0
,,,,,0.0
,,,,,0.0
,,,,,0.0
,,,,,0.0
,,,,,0.0
,,,,,0.0
,,,,,0.0
,,,,,0.0
,,,,,0.0
,,,,,0.0
,,,,,0.0
,,,,,0.0
,,,,,0.0
,,,,,0.0
,,,,,0.0
,,,,,0.0
,,,,,0.0
,,,,,0.0
,,,,,0.0
,,,,,0.0
,,,,,0.0
,,,,,0.0
,,,,,0.0
,,,,,0.0
,,,,,0.0
,,,,,0.13072999999999999
,,,,,0.10797999999999999
,,,,,0.092713
,,,,,0.085977
,,,,,0.06674400000000001
,,,,,0.039613
,,,,,0.025532
,,,,,0.023273
,,,,,0.022532
,,,,,0.022502
,,,,,0.026125
,,,,,0.029805
,,,,,0.057919000000000005
,,,,,0.076336
,,,,,0.072848
,,,,,0.076083
,,,,,0.09596
,,,,,0.10031
,,,,,0.083348
,,,,,0.076166
,,,,,0.08089600000000001
,,,,,0.065831
,,,,,0.040037
,,,,,0.047586
,,,,,0.042911000000000005
,,,,,0.031711
,,,,,0.036024
,,,,,0.05806
,,,,,0.061483
,,,,,0.05513200000000001
,,,,,0.077292
,,,,,0.10293
,,,,,0.095319
,,,,,0.072078
,,,,,0.083685
,,,,,0.09458
,,,,,0.06940199999999999
,,,,,0.03871
,,,,,0.048837
,,,,,0.045336
,,,,,0.021182
,,,,,0.012978
,,,,,0.019433000000000002
,,,,,0.010806
,,,,,0.0048613
,,,,,0.0055406000000000006
,,,,,0.0088731
,,,,,0.0073823000000000005
,,,,,0.006234399999999999
,,,,,0.011259
,,,,,0.014247999999999999
,,,,,0.017141
,,,,,0.016007
,,,,,0.035044
,,,,,0.035935
,,,,,0.029963999999999998
,,,,,0.038337
,,,,,0.045511
,,,,,0.042891000000000006
,,,,,0.040047
,,,,,0.027045
,,,,,0.022802
,,,,,0.026824
,,,,,0.030105
,,,,,0.033955
,,,,,0.027989
,,,,,0.038823
,,,,,0.065982
,,,,,0.071402
,,,,,0.0514
,,,,,0.051914
,,,,,0.061783000000000005
,,,,,0.052171
,,,,,0.026736000000000003
,,,,,0.015299
,,,,,0.02659
,,,,,0.022192
,,,,,0.014777
,,,,,0.010969
,,,,,0.0013915999999999998
,,,,,0.01525
,,,,,0.034531
,,,,,0.043026
,,,,,0.040054
,,,,,0.058074
,,,,,0.083717
,,,,,0.083386
,,,,,0.07687100000000001
,,,,,0.092874
,,,,,0.10350999999999999
,,,,,0.081558
,,,,,0.061970000000000004
,,,,,0.069244
,,,,,0.059265
,,,,,0.029858
,,,,,0.018306
,,,,,0.027707
,,,,,0.024774
,,,,,0.009024700000000002
,,,,,0.0048019
,,,,,0.009218500000000001
,,,,,0.0084123
,,,,,0.0083521
,,,,,0.0075608
,,,,,0.0029629
,,,,,0.0038476999999999995
,,,,,0.01018
,,,,,0.01009
,,,,,0.0046557
,,,,,0.0073964
,,,,,0.0093715
,,,,,0.015248
,,,,,0.0099211
,,,,,0.0035383000000000003
,,,,,0.029032
,,,,,0.031383
,,,,,0.01519
,,,,,0.041725
,,,,,0.064276
,,,,,0.06323
,,,,,0.068813
,,,,,0.10156
,,,,,0.11572
,,,,,0.1004
,,,,,0.10187
,,,,,0.10947
,,,,,0.094878
,,,,,0.073361
,,,,,0.0764
,,,,,0.0684
,,,,,0.041076
,,,,,0.033088
,,,,,0.036558999999999994
,,,,,0.030014999999999997
,,,,,0.014231
,,,,,0.0047881
,,,,,0.018305000000000002
,,,,,0.025907999999999997
,,,,,0.036479000000000004
,,,,,0.017217
,,,,,0.032969
,,,,,0.044515
,,,,,0.038869
,,,,,0.022068
,,,,,0.014653999999999999
,,,,,0.024915
,,,,,0.020263999999999997
,,,,,0.020238
,,,,,0.0089057
,,,,,0.019116
,,,,,0.03702
,,,,,0.039455000000000004
,,,,,0.027545
,,,,,0.05042
,,,,,0.07385900000000001
,,,,,0.07143300000000001
,,,,,0.060826
,,,,,0.086022
,,,,,0.081039
,,,,,0.071257
,,,,,0.045232
,,,,,0.054655999999999996
,,,,,0.047014999999999994
,,,,,0.019584
,,,,,0.014781
,,,,,0.019495
,,,,,0.013738
,,,,,0.017515
,,,,,0.022746000000000002
,,,,,0.014152000000000001
,,,,,0.019747
,,,,,0.042996
,,,,,0.049951999999999996
,,,,,0.041026
,,,,,0.047682
,,,,,0.067213
,,,,,0.06630599999999999
,,,,,0.052965
,,,,,0.0569
,,,,,0.063082
,,,,,0.050123
,,,,,0.027780000000000003
,,,,,0.028464
,,,,,0.029338999999999997
,,,,,0.018916
,,,,,0.0059422
,,,,,0.005181600000000001
,,,,,0.0080431
,,,,,0.0098809
,,,,,0.0074730000000000005
,,,,,0.0077197
,,,,,0.0084113
,,,,,0.011636
,,,,,0.013656
,,,,,0.011208
,,,,,0.009173
,,,,,0.016403
,,,,,0.017963
,,,,,0.013763
,,,,,0.013133
,,,,,0.02417
,,,,,0.017377
,,,,,0.01004
,,,,,0.037712
,,,,,0.040872000000000006
,,,,,0.032782
,,,,,0.067695
,,,,,0.089712
,,,,,0.07232100000000001
,,,,,0.071741
,,,,,0.10162
,,,,,0.098398
,,,,,0.062417999999999994
,,,,,0.056201999999999995
,,,,,0.070035
,,,,,0.04866
,,,,,0.0097477
,,,,,0.023755000000000002
,,,,,0.028895
,,,,,0.019077
,,,,,0.030057
,,,,,0.068539
,,,,,0.08988
,,,,,0.10952
,,,,,0.18357
,,,,,0.25931
,,,,,0.28321
,,,,,0.3006
,,,,,0.35846
,,,,,0.38553000000000004
,,,,,0.34753
,,,,,0.31005
,,,,,0.31084
,,,,,0.27794
,,,,,0.19100999999999999
,,,,,0.12914
,,,,,0.11814000000000001
,,,,,0.08558400000000001
,,,,,0.028558999999999998
,,,,,0.018774000000000002
,,,,,0.0
,,,,,0.0
,,,,,0.0
,,,,,0.0
,,,,,0.0
,,,,,0.0
,,,,,0.0
,,,,,0.0
,,,,,0.0
,,,,,0.0
,,,,,0.0
,,,,,0.0
,,,,,0.0
,,,,,0.0
,,,,,0.0
,,,,,0.0
,,,,,0.0
,,,,,0.0
,,,,,0.0
,,,,,0.0
,,,,,0.0
,,,,,0.0
,,,,,0.0
,,,,,0.0
,,,,,0.0
,,,,,0.0
,,,,,0.0
,,,,,0.0
,,,,,0.0
,,,,,0.0
,,,,,0.0
,,,,,0.0
,,,,,0.0
,,,,,0.0
,,,,,0.0
,,,,,0.0
,,,,,0.0
,,,,,0.0
,,,,,0.0
,,,,,0.0
,,,,,0.0
,,,,,0.0
,,,,,0.0
,,,,,0.0
,,,,,0.0
,,,,,0.0
,,,,,0.0
,,,,,0.0
,,,,,0.0
,,,,,0.0
,,,,,0.0
,,,,,0.0
,,,,,0.0
,,,,,0.0
,,,,,0.0
,,,,,0.0
,,,,,0.0
,,,,,0.0
,,,,,0.0
,,,,,0.0
,,,,,0.0
,,,,,0.0
,,,,,0.0
,,,,,0.0
,,,,,0.0
,,,,,0.0
,,,,,0.0
,,,,,0.0
,,,,,0.0
,,,,,0.0
,,,,,0.0
,,,,,0.0
,,,,,0.0
,,,,,0.0
,,,,,0.0
,,,,,0.0
,,,,,0.0
,,,,,0.0
,,,,,0.0
,,,,,0.0
,,,,,0.0
,,,,,0.0
,,,,,0.0
,,,,,0.0
,,,,,0.0
,,,,,0.0
,,,,,0.0
,,,,,0.0
,,,,,0.0
,,,,,0.0
,,,,,0.0
,,,,,0.0
,,,,,0.0
,,,,,0.0
,,,,,0.0
,,,,,0.0
,,,,,0.0
,,,,,0.0
,,,,,0.0
,,,,,0.0
,,,,,0.0
,,,,,0.0
,,,,,0.0
,,,,,0.0
,,,,,0.0
,,,,,0.0
,,,,,0.0
,,,,,0.0
,,,,,0.0
,,,,,0.0
,,,,,0.0
,,,,,0.0
,,,,,0.0
,,,,,0.0
,,,,,0.0
,,,,,0.0
,,,,,0.0
,,,,,0.0
,,,,,0.0
,,,,,0.0
,,,,,0.0
,,,,,0.0
,,,,,0.0
,,,,,0.0
,,,,,0.0
,,,,,0.0
,,,,,0.0
,,,,,0.0
,,,,,0.0
,,,,,0.0
,,,,,0.0
,,,,,0.0
,,,,,0.0
,,,,,0.0
,,,,,0.0
,,,,,0.0
,,,,,0.0
,,,,,0.0
,,,,,0.0
,,,,,0.0
,,,,,0.0
,,,,,0.0
,,,,,0.0
,,,,,0.0
,,,,,0.0
,,,,,0.0
,,,,,0.0
,,,,,0.0
,,,,,0.0
,,,,,0.0
,,,,,0.0
,,,,,0.0
,,,,,0.0
,,,,,0.0
,,,,,0.0
,,,,,0.0
,,,,,0.0
,,,,,0.0
,,,,,0.0
,,,,,0.0
,,,,,0.0
,,,,,0.0
,,,,,0.0
,,,,,0.0
,,,,,0.0
,,,,,0.0
,,,,,0.0
,,,,,0.0
,,,,,0.0
,,,,,0.0
,,,,,0.0
,,,,,0.0
,,,,,0.0
,,,,,0.0
,,,,,0.0
,,,,,0.0
,,,,,0.0
,,,,,0.0
,,,,,0.0
,,,,,0.0
,,,,,0.0
,,,,,0.0
,,,,,0.0
,,,,,0.0
,,,,,0.0
,,,,,0.0
,,,,,0.0
,,,,,0.0
,,,,,0.0
,,,,,0.0
,,,,,0.0
,,,,,0.0
,,,,,0.0
,,,,,0.0
,,,,,0.0
,,,,,0.0
,,,,,0.0
,,,,,0.0
,,,,,0.0
,,,,,0.0
,,,,,0.0
,,,,,0.0
,,,,,0.0
,,,,,0.0
,,,,,0.0
,,,,,0.0
,,,,,0.0
,,,,,0.0
,,,,,0.0
,,,,,0.0
,,,,,0.0
,,,,,0.0
,,,,,0.0
,,,,,0.0
,,,,,0.0
,,,,,0.0
,,,,,0.0
,,,,,0.0
,,,,,0.0
,,,,,0.0
,,,,,0.0
,,,,,0.0
,,,,,0.0
,,,,,0.0
,,,,,0.0
,,,,,0.0
,,,,,0.0
,,,,,0.0
,,,,,0.0
,,,,,0.0
,,,,,0.0
,,,,,0.0
,,,,,0.0
,,,,,0.0
,,,,,0.0
,,,,,0.0
,,,,,0.0
,,,,,0.0
,,,,,0.0
,,,,,0.0
,,,,,0.0
,,,,,0.0
,,,,,0.0
,,,,,0.0
,,,,,0.0
,,,,,0.0
,,,,,0.0
,,,,,0.0
,,,,,0.0
,,,,,0.0
,,,,,0.0
,,,,,0.0
,,,,,0.0
,,,,,0.0
,,,,,0.0
,,,,,0.0
,,,,,0.0
,,,,,0.0
,,,,,0.0
,,,,,0.08712
,,,,,0.13086
,,,,,0.07531900000000001
,,,,,0.09616799999999999
,,,,,0.062326
,,,,,0.056292999999999996
,,,,,0.050352
,,,,,0.028135000000000004
,,,,,0.066375
,,,,,0.008885299999999999
,,,,,0.076619
,,,,,0.035227
,,,,,0.1053
,,,,,0.084132
,,,,,0.12849000000000002
,,,,,0.12659
,,,,,0.13477999999999998
,,,,,0.14804
,,,,,0.11972999999999999
,,,,,0.14448
,,,,,0.085779
,,,,,0.11903
,,,,,0.042008
,,,,,0.084013
,,,,,0.017905
,,,,,0.06271499999999999
,,,,,0.046161
,,,,,0.068747
,,,,,0.090666
,,,,,0.08389400000000001
,,,,,0.139
,,,,,0.086961
,,,,,0.16735999999999998
,,,,,0.081624
,,,,,0.16314
,,,,,0.069348
,,,,,0.13273
,,,,,0.054376999999999995
,,,,,0.087035
,,,,,0.044518
,,,,,0.04506
,,,,,0.034656
,,,,,0.031444
,,,,,0.018401
,,,,,0.026965
,,,,,0.018442
,,,,,0.025432
,,,,,0.018778
,,,,,0.023738
,,,,,0.017324000000000003
,,,,,0.029062
,,,,,0.015049000000000002
,,,,,0.044025
,,,,,0.005303199999999999
,,,,,0.055264999999999995
,,,,,0.024541
,,,,,0.0618
,,,,,0.039611
,,,,,0.060599
,,,,,0.061527
,,,,,0.03444
,,,,,0.071404
,,,,,0.008257299999999999
,,,,,0.073889
,,,,,0.044104000000000004
,,,,,0.07585800000000001
,,,,,0.077785
,,,,,0.073765
,,,,,0.10714000000000001
,,,,,0.055334
,,,,,0.10987000000000001
,,,,,0.045492000000000005
,,,,,0.089281
,,,,,0.015397999999999998
,,,,,0.072712
,,,,,0.027361
,,,,,0.043956
,,,,,0.033752
,,,,,0.033496
,,,,,0.022455000000000003
,,,,,0.049754
,,,,,0.017875
,,,,,0.078813
,,,,,0.05153200000000001
,,,,,0.10826
,,,,,0.09206900000000001
,,,,,0.12772999999999998
,,,,,0.11779
,,,,,0.1253
,,,,,0.13396
,,,,,0.095367
,,,,,0.11279000000000002
,,,,,0.061084000000000006
,,,,,0.081599
,,,,,0.019491
,,,,,0.055927
,,,,,0.019375999999999997
,,,,,0.040172
,,,,,0.022747
,,,,,0.034069
,,,,,0.017312
,,,,,0.034813
,,,,,0.014394
,,,,,0.029477999999999997
,,,,,0.017422
,,,,,0.028342000000000003
,,,,,0.01641
,,,,,0.026017000000000002
,,,,,0.017797999999999998
,,,,,0.031317000000000005
,,,,,0.01176
,,,,,0.0339
,,,,,0.023528999999999998
,,,,,0.034817
,,,,,0.057785
,,,,,0.030801
,,,,,0.08382
,,,,,0.044314
,,,,,0.11750999999999999
,,,,,0.073545
,,,,,0.1546
,,,,,0.10402
,,,,,0.17014
,,,,,0.13538
,,,,,0.155
,,,,,0.12734
,,,,,0.1358
,,,,,0.10765999999999999
,,,,,0.095211
,,,,,0.083551
,,,,,0.048549
,,,,,0.061872
,,,,,0.023587
,,,,,0.061323
,,,,,0.0023483
,,,,,0.068442
,,,,,0.023513
,,,,,0.071264
,,,,,0.03543
,,,,,0.07942
,,,,,0.041922
,,,,,0.065912
,,,,,0.061412
,,,,,0.047695999999999995
,,,,,0.06693500000000001
,,,,,0.016925
,,,,,0.038216
,,,,,0.0074502
,,,,,0.031549
,,,,,0.035671
,,,,,0.020364
,,,,,0.070724
,,,,,0.02496
,,,,,0.099526
,,,,,0.053737
,,,,,0.12038
,,,,,0.06426
,,,,,0.13676
,,,,,0.06879400000000001
,,,,,0.10337
,,,,,0.075161
,,,,,0.075468
,,,,,0.054957000000000006
,,,,,0.043651
,,,,,0.038874
,,,,,0.020036
,,,,,0.033941000000000006
,,,,,0.029632
,,,,,0.029733
,,,,,0.032279
,,,,,0.048552
,,,,,0.040615
,,,,,0.082726
,,,,,0.050045
,,,,,0.11174
,,,,,0.06712
,,,,,0.11967
,,,,,0.070409
,,,,,0.11592999999999999
,,,,,0.063141
,,,,,0.08870800000000001
,,,,,0.050561
,,,,,0.056334
,,,,,0.035663
,,,,,0.027833999999999998
,,,,,0.030877999999999996
,,,,,0.014459999999999999
,,,,,0.020756
,,,,,0.0076812
,,,,,0.021747
,,,,,0.008242399999999999
,,,,,0.023867
,,,,,0.011807999999999999
,,,,,0.025228999999999998
,,,,,0.016747
,,,,,0.0242
,,,,,0.022478
,,,,,0.020343
,,,,,0.028571
,,,,,0.016142
,,,,,0.038984
,,,,,0.02325
,,,,,0.048076999999999995
,,,,,0.034451
,,,,,0.07524
,,,,,0.056686
,,,,,0.11357
,,,,,0.073201
,,,,,0.14538
,,,,,0.077811
,,,,,0.15557
,,,,,0.069159
,,,,,0.14188
,,,,,0.051269
,,,,,0.10762000000000001
,,,,,0.036549
,,,,,0.07025
,,,,,0.036499000000000004
,,,,,0.05681
,,,,,0.041302
,,,,,0.040786
,,,,,0.077697
,,,,,0.09614400000000001
,,,,,0.19213
,,,,,0.21611999999999998
,,,,,0.33942
,,,,,0.34531
,,,,,0.46337
,,,,,0.43336
,,,,,0.51493
,,,,,0.44813000000000003
,,,,,0.47585
,,,,,0.38522
,,,,,0.35698
,,,,,0.27445
,,,,,0.20384000000000002
,,,,,0.15429
,,,,,0.077794
,,,,,0.080818
,,,,,0.018917
,,,,,0.0
,,,,,0.0
,,,,,0.0
,,,,,0.0
,,,,,0.0
,,,,,0.0
,,,,,0.0
,,,,,0.0
,,,,,0.0
,,,,,0.0
,,,,,0.0
,,,,,0.0
,,,,,0.0
,,,,,0.0
,,,,,0.0
,,,,,0.0
,,,,,0.0
,,,,,0.0
,,,,,0.0
,,,,,0.0
,,,,,0.0
,,,,,0.0
,,,,,0.0
,,,,,0.0
,,,,,0.0
,,,,,0.0
,,,,,0.0
,,,,,0.0
,,,,,0.0
,,,,,0.0
,,,,,0.0
,,,,,0.0
,,,,,0.0
,,,,,0.0
,,,,,0.0
,,,,,0.0
,,,,,0.0
,,,,,0.0
,,,,,0.0
,,,,,0.0
,,,,,0.0
,,,,,0.0
,,,,,0.0
,,,,,0.0
,,,,,0.0
,,,,,0.0
,,,,,0.0
,,,,,0.0
,,,,,0.0
,,,,,0.0
,,,,,0.0
,,,,,0.0
,,,,,0.0
,,,,,0.0
,,,,,0.0
,,,,,0.0
,,,,,0.0
,,,,,0.0
,,,,,0.0
,,,,,0.0
,,,,,0.0
,,,,,0.0
,,,,,0.0
,,,,,0.0
,,,,,0.0
,,,,,0.0
,,,,,0.0
,,,,,0.0
,,,,,0.0
,,,,,0.0
,,,,,0.0
,,,,,0.0
,,,,,0.0
,,,,,0.0
,,,,,0.0
,,,,,0.0
,,,,,0.0
,,,,,0.0
,,,,,0.0
,,,,,0.0
,,,,,0.0
,,,,,0.0
,,,,,0.0
,,,,,0.0
,,,,,0.0
,,,,,0.0
,,,,,0.0
,,,,,0.0
,,,,,0.0
,,,,,0.0
,,,,,0.0
,,,,,0.0
,,,,,0.0
,,,,,0.0
,,,,,0.0
,,,,,0.0
,,,,,0.0
,,,,,0.0
,,,,,0.0
,,,,,0.0
,,,,,0.0
,,,,,0.0
,,,,,0.0
,,,,,0.0
,,,,,0.0
,,,,,0.0
,,,,,0.0
,,,,,0.0
,,,,,0.0
,,,,,0.0
,,,,,0.0
,,,,,0.0
,,,,,0.0
,,,,,0.0
,,,,,0.0
,,,,,0.0
,,,,,0.0
,,,,,0.0
,,,,,0.0
,,,,,0.0
,,,,,0.0
,,,,,0.0
,,,,,0.0
,,,,,0.0
,,,,,0.0
,,,,,0.0
,,,,,0.0
,,,,,0.0
,,,,,0.0
,,,,,0.0
,,,,,0.0
,,,,,0.0
,,,,,0.0
,,,,,0.0
,,,,,0.0
,,,,,0.0
,,,,,0.0
,,,,,0.0
,,,,,0.0
,,,,,0.0
,,,,,0.0
,,,,,0.0
,,,,,0.0
,,,,,0.0
,,,,,0.0
,,,,,0.0
,,,,,0.0
,,,,,0.0
,,,,,0.0
,,,,,0.0
,,,,,0.0
,,,,,0.0
,,,,,0.0
,,,,,0.0
,,,,,0.0
,,,,,0.0
,,,,,0.0
,,,,,0.0
,,,,,0.0
,,,,,0.0
,,,,,0.0
,,,,,0.0
,,,,,0.0
,,,,,0.0
,,,,,0.0
,,,,,0.0
,,,,,0.0
,,,,,0.0
,,,,,0.0
,,,,,0.0
,,,,,0.0
,,,,,0.0
,,,,,0.0
,,,,,0.0
,,,,,0.0
,,,,,0.0
,,,,,0.0
,,,,,0.0
,,,,,0.0
,,,,,0.0
,,,,,0.0
,,,,,0.0
,,,,,0.0
,,,,,0.0
,,,,,0.0
,,,,,0.0
,,,,,0.0
,,,,,0.0
,,,,,0.0
,,,,,0.0
,,,,,0.0
,,,,,0.0
,,,,,0.0
,,,,,0.0
,,,,,0.0
,,,,,0.0
,,,,,0.0
,,,,,0.0
,,,,,0.0
,,,,,0.0
,,,,,0.0
,,,,,0.0
,,,,,0.0
,,,,,0.0
,,,,,0.0
,,,,,0.0
,,,,,0.0
,,,,,0.0
,,,,,0.0
,,,,,0.0
,,,,,0.0
,,,,,0.0
,,,,,0.0
,,,,,0.0
,,,,,0.0
,,,,,0.0
,,,,,0.0
,,,,,0.0
,,,,,0.0
,,,,,0.0
,,,,,0.0
,,,,,0.0
,,,,,0.0
,,,,,0.0
,,,,,0.0
,,,,,0.0
,,,,,0.0
,,,,,0.0
,,,,,0.0
,,,,,0.0
,,,,,0.0
,,,,,0.0
,,,,,0.0
,,,,,0.0
,,,,,0.0
,,,,,0.0
,,,,,0.0
,,,,,0.0
,,,,,0.0
,,,,,0.0
,,,,,0.0
,,,,,0.0
,,,,,0.0
,,,,,0.0
,,,,,0.0
,,,,,0.0
,,,,,0.0
,,,,,0.0
,,,,,0.0
,,,,,0.0
,,,,,0.0
,,,,,0.0
,,,,,0.0
,,,,,0.0
,,,,,0.0
,,,,,0.0
,,,,,0.0
,,,,,0.0
,,,,,0.0
,,,,,0.20754
,,,,,0.27752
,,,,,0.21424
,,,,,0.11185
,,,,,0.16591
,,,,,0.12395
,,,,,0.0035857
,,,,,0.075665
,,,,,0.099846
,,,,,0.099741
,,,,,0.02049
,,,,,0.12493
,,,,,0.17351
,,,,,0.08229700000000001
,,,,,0.20054
,,,,,0.25432
,,,,,0.15037999999999999
,,,,,0.2337
,,,,,0.27116
,,,,,0.14219
,,,,,0.18619000000000002
,,,,,0.21081999999999998
,,,,,0.07463600000000001
,,,,,0.084258
,,,,,0.089961
,,,,,0.052609
,,,,,0.10765999999999999
,,,,,0.043823
,,,,,0.1485
,,,,,0.22715
,,,,,0.11798
,,,,,0.20227
,,,,,0.28135
,,,,,0.14535
,,,,,0.19665
,,,,,0.25453000000000003
,,,,,0.11184000000000001
,,,,,0.12613
,,,,,0.17569
,,,,,0.068139
,,,,,0.061048000000000005
,,,,,0.10743
,,,,,0.07821499999999999
,,,,,0.021694
,,,,,0.071523
,,,,,0.089834
,,,,,0.031766
,,,,,0.05596
,,,,,0.10004
,,,,,0.066803
,,,,,0.026563
,,,,,0.10745999999999999
,,,,,0.11102999999999999
,,,,,0.036918
,,,,,0.12525999999999998
,,,,,0.17214000000000002
,,,,,0.11985
,,,,,0.20049
,,,,,0.27663000000000004
,,,,,0.19974
,,,,,0.29454
,,,,,0.33913000000000004
,,,,,0.22295
,,,,,0.30141
,,,,,0.30371
,,,,,0.16584000000000002
,,,,,0.23542
,,,,,0.20915999999999998
,,,,,0.080761
,,,,,0.20278
,,,,,0.12787
,,,,,0.075839
,,,,,0.15521
,,,,,0.08243400000000001
,,,,,0.05735
,,,,,0.10513
,,,,,0.063378
,,,,,0.058889
,,,,,0.069337
,,,,,0.056157000000000006
,,,,,0.06262899999999999
,,,,,0.11757999999999999
,,,,,0.07084299999999999
,,,,,0.088335
,,,,,0.20337
,,,,,0.15868
,,,,,0.13122999999999999
,,,,,0.24831
,,,,,0.20005
,,,,,0.11520999999999999
,,,,,0.21051
,,,,,0.13818
,,,,,0.050782
,,,,,0.12480999999999999
,,,,,0.041593
,,,,,0.10432999999999999
,,,,,0.11723
,,,,,0.022594
,,,,,0.12980999999999998
,,,,,0.12052
,,,,,0.031632
,,,,,0.096203
,,,,,0.11137999999999999
,,,,,0.036903
,,,,,0.056916999999999995
,,,,,0.09576
,,,,,0.055726
,,,,,0.035788
,,,,,0.10843
,,,,,0.08644400000000001
,,,,,0.061382000000000006
,,,,,0.1619
,,,,,0.14635
,,,,,0.11479
,,,,,0.24100000000000002
,,,,,0.21833000000000002
,,,,,0.15370999999999999
,,,,,0.26966999999999997
,,,,,0.29553
,,,,,0.21115
,,,,,0.28105
,,,,,0.34788
,,,,,0.23938
,,,,,0.27405
,,,,,0.31218
,,,,,0.21913000000000002
,,,,,0.17793
,,,,,0.2199
,,,,,0.14132999999999998
,,,,,0.072982
,,,,,0.11765999999999999
,,,,,0.057727999999999995
,,,,,0.02858
,,,,,0.070249
,,,,,0.079547
,,,,,0.051052
,,,,,0.067828
,,,,,0.14035
,,,,,0.11152000000000001
,,,,,0.051601999999999995
,,,,,0.15721
,,,,,0.16810999999999998
,,,,,0.06690700000000001
,,,,,0.1268
,,,,,0.20429
,,,,,0.17975
,,,,,0.16715
,,,,,0.26953
,,,,,0.31187
,,,,,0.24594000000000002
,,,,,0.32254
,,,,,0.35420999999999997
,,,,,0.25477
,,,,,0.28767
,,,,,0.31754
,,,,,0.20955
,,,,,0.18164
,,,,,0.25209000000000004
,,,,,0.16871
,,,,,0.09336900000000001
,,,,,0.16722
,,,,,0.10778
,,,,,0.027029
,,,,,0.10217000000000001
,,,,,0.079576
,,,,,0.038256
,,,,,0.055213
,,,,,0.06762
,,,,,0.043463999999999996
,,,,,0.070163
,,,,,0.09866699999999999
,,,,,0.020531999999999998
,,,,,0.12028
,,,,,0.16076
,,,,,0.080474
,,,,,0.16169
,,,,,0.19774
,,,,,0.11102999999999999
,,,,,0.15565
,,,,,0.18550999999999998
,,,,,0.07775
,,,,,0.10123
,,,,,0.1206
,,,,,0.039352
,,,,,0.053221000000000004
,,,,,0.073022
,,,,,0.023783000000000002
,,,,,0.047241000000000005
,,,,,0.053089
,,,,,0.009707299999999999
,,,,,0.059860000000000003
,,,,,0.060813
,,,,,0.006582500000000001
,,,,,0.070259
,,,,,0.062024
,,,,,0.017751
,,,,,0.07929299999999999
,,,,,0.051916
,,,,,0.040724
,,,,,0.09751599999999999
,,,,,0.039989
,,,,,0.083102
,,,,,0.1234
,,,,,0.04092
,,,,,0.14697000000000002
,,,,,0.17765999999999998
,,,,,0.09911
,,,,,0.22623000000000001
,,,,,0.2378
,,,,,0.13767000000000001
,,,,,0.2547
,,,,,0.24544000000000002
,,,,,0.10765
,,,,,0.21306999999999998
,,,,,0.19063
,,,,,0.032656
,,,,,0.12638
,,,,,0.1272
,,,,,0.059028
,,,,,0.07570199999999999
,,,,,0.067223
,,,,,0.066962
,,,,,0.21218
,,,,,0.28239000000000003
,,,,,0.34939000000000003
,,,,,0.54122
,,,,,0.63493
,,,,,0.65678
,,,,,0.79401
,,,,,0.8224799999999999
,,,,,0.73433
,,,,,0.76183
,,,,,0.70075
,,,,,0.51107
,,,,,0.46955
,,,,,0.3749
,,,,,0.18385
,,,,,0.15291
,,,,,0.13042
,,,,,0.019004
,,,,,0.0
,,,,,0.0
,,,,,0.0
,,,,,0.0
,,,,,0.0
,,,,,0.0
,,,,,0.0
,,,,,0.0
,,,,,0.0
,,,,,0.0
,,,,,0.0
,,,,,0.0
,,,,,0.0
,,,,,0.0
,,,,,0.0
,,,,,0.0
,,,,,0.0
,,,,,0.0
,,,,,0.0
,,,,,0.0
,,,,,0.0
,,,,,0.0
,,,,,0.0
,,,,,0.0
,,,,,0.0
,,,,,0.0
,,,,,0.0
,,,,,0.0
,,,,,0.0
,,,,,0.0
,,,,,0.0
,,,,,0.0
,,,,,0.0
,,,,,0.0
,,,,,0.0
,,,,,0.0
,,,,,0.0
,,,,,0.0
,,,,,0.0
,,,,,0.0
,,,,,0.0
,,,,,0.0
,,,,,0.0
,,,,,0.0
,,,,,0.0
,,,,,0.0
,,,,,0.0
,,,,,0.0
,,,,,0.0
,,,,,0.0
,,,,,0.0
,,,,,0.0
,,,,,0.0
,,,,,0.0
,,,,,0.0
,,,,,0.0
,,,,,0.0
,,,,,0.0
,,,,,0.0
,,,,,0.0
,,,,,0.0
,,,,,0.0
,,,,,0.0
,,,,,0.0
,,,,,0.0
,,,,,0.0
,,,,,0.0
,,,,,0.0
,,,,,0.0
,,,,,0.0
,,,,,0.0
,,,,,0.0
,,,,,0.0
,,,,,0.0
,,,,,0.0
,,,,,0.0
,,,,,0.0
,,,,,0.0
,,,,,0.0
,,,,,0.0
,,,,,0.0
,,,,,0.0
,,,,,0.0
,,,,,0.0
,,,,,0.0
,,,,,0.0
,,,,,0.0
,,,,,0.0
,,,,,0.0
,,,,,0.0
,,,,,0.0
,,,,,0.0
,,,,,0.0
,,,,,0.0
,,,,,0.0
,,,,,0.0
,,,,,0.0
,,,,,0.0
,,,,,0.0
,,,,,0.0
,,,,,0.0
,,,,,0.0
,,,,,0.0
,,,,,0.0
,,,,,0.0
,,,,,0.0
,,,,,0.0
,,,,,0.0
,,,,,0.0
,,,,,0.0
,,,,,0.0
,,,,,0.0
,,,,,0.0
,,,,,0.0
,,,,,0.0
,,,,,0.0
,,,,,0.0
,,,,,0.0
,,,,,0.0
,,,,,0.0
,,,,,0.0
,,,,,0.0
,,,,,0.0
,,,,,0.0
,,,,,0.0
,,,,,0.0
,,,,,0.0
,,,,,0.0
,,,,,0.0
,,,,,0.0
,,,,,0.0
,,,,,0.0
,,,,,0.0
,,,,,0.0
,,,,,0.0
,,,,,0.0
,,,,,0.0
,,,,,0.0
,,,,,0.0
,,,,,0.0
,,,,,0.0
,,,,,0.0
,,,,,0.0
,,,,,0.0
,,,,,0.0
,,,,,0.0
,,,,,0.0
,,,,,0.0
,,,,,0.0
,,,,,0.0
,,,,,0.0
,,,,,0.0
,,,,,0.0
,,,,,0.0
,,,,,0.0
,,,,,0.0
,,,,,0.0
,,,,,0.0
,,,,,0.0
,,,,,0.0
,,,,,0.0
,,,,,0.0
,,,,,0.0
,,,,,0.0
,,,,,0.0
,,,,,0.0
,,,,,0.0
,,,,,0.0
,,,,,0.0
,,,,,0.0
,,,,,0.0
,,,,,0.0
,,,,,0.0
,,,,,0.0
,,,,,0.0
,,,,,0.0
,,,,,0.0
,,,,,0.0
,,,,,0.0
,,,,,0.0
,,,,,0.0
,,,,,0.0
,,,,,0.0
,,,,,0.0
,,,,,0.0
,,,,,0.0
,,,,,0.0
,,,,,0.0
,,,,,0.0
,,,,,0.0
,,,,,0.0
,,,,,0.0
,,,,,0.0
,,,,,0.0
,,,,,0.0
,,,,,0.0
,,,,,0.0
,,,,,0.0
,,,,,0.0
,,,,,0.0
,,,,,0.0
,,,,,0.0
,,,,,0.0
,,,,,0.0
,,,,,0.0
,,,,,0.0
,,,,,0.0
,,,,,0.0
,,,,,0.0
,,,,,0.0
,,,,,0.0
,,,,,0.0
,,,,,0.0
,,,,,0.0
,,,,,0.0
,,,,,0.0
,,,,,0.0
,,,,,0.0
,,,,,0.0
,,,,,0.0
,,,,,0.0
,,,,,0.0
,,,,,0.0
,,,,,0.0
,,,,,0.0
,,,,,0.0
,,,,,0.0
,,,,,0.0
,,,,,0.0
,,,,,0.0
,,,,,0.0
,,,,,0.0
,,,,,0.0
,,,,,0.0
,,,,,0.0
,,,,,0.0
,,,,,0.0
,,,,,0.0
,,,,,0.0
,,,,,0.0
,,,,,0.0
,,,,,0.0
,,,,,0.0
,,,,,0.0
,,,,,0.0
,,,,,0.0
,,,,,0.0
,,,,,0.0
,,,,,0.0
,,,,,0.0
,,,,,0.0
,,,,,0.0
,,,,,0.0
,,,,,0.0
,,,,,0.0
,,,,,0.0
,,,,,0.0
,,,,,0.0
,,,,,0.0
,,,,,0.67562
,,,,,0.61606
,,,,,0.52851
,,,,,0.41755
,,,,,0.29559
,,,,,0.18188
,,,,,0.095013
,,,,,0.056416999999999995
,,,,,0.0032830999999999997
,,,,,0.068701
,,,,,0.13602999999999998
,,,,,0.21900999999999998
,,,,,0.3171
,,,,,0.41927
,,,,,0.5111899999999999
,,,,,0.58058
,,,,,0.61724
,,,,,0.61717
,,,,,0.58826
,,,,,0.54293
,,,,,0.4909
,,,,,0.43878999999999996
,,,,,0.37963
,,,,,0.32072
,,,,,0.26605
,,,,,0.23185
,,,,,0.23840999999999998
,,,,,0.26868000000000003
,,,,,0.33026
,,,,,0.39691
,,,,,0.46975
,,,,,0.5414899999999999
,,,,,0.59939
,,,,,0.63437
,,,,,0.64113
,,,,,0.6148600000000001
,,,,,0.5512600000000001
,,,,,0.45803
,,,,,0.35825
,,,,,0.26029
,,,,,0.17323
,,,,,0.11578
,,,,,0.10421
,,,,,0.1318
,,,,,0.17892
,,,,,0.23851
,,,,,0.29991999999999996
,,,,,0.35093
,,,,,0.37976
,,,,,0.38131
,,,,,0.36253
,,,,,0.33516999999999997
,,,,,0.31453000000000003
,,,,,0.3229
,,,,,0.37864000000000003
,,,,,0.47302
,,,,,0.58536
,,,,,0.6955100000000001
,,,,,0.8016800000000001
,,,,,0.9126799999999999
,,,,,0.98629
,,,,,1.0146
,,,,,0.9999100000000001
,,,,,0.94575
,,,,,0.84844
,,,,,0.71192
,,,,,0.5575100000000001
,,,,,0.41838000000000003
,,,,,0.32892
,,,,,0.29088
,,,,,0.26779000000000003
,,,,,0.23961
,,,,,0.2228
,,,,,0.21261
,,,,,0.18101
,,,,,0.13974
,,,,,0.11033
,,,,,0.081961
,,,,,0.046662999999999996
,,,,,0.037474
,,,,,0.078913
,,,,,0.13523
,,,,,0.18217
,,,,,0.21284
,,,,,0.23223000000000002
,,,,,0.26485
,,,,,0.33705999999999997
,,,,,0.43893000000000004
,,,,,0.53205
,,,,,0.60488
,,,,,0.65733
,,,,,0.65151
,,,,,0.59386
,,,,,0.51839
,,,,,0.41781999999999997
,,,,,0.27818000000000004
,,,,,0.13032
,,,,,0.012927000000000001
,,,,,0.14060999999999998
,,,,,0.27271999999999996
,,,,,0.39288
,,,,,0.48898
,,,,,0.54789
,,,,,0.56996
,,,,,0.5644100000000001
,,,,,0.53709
,,,,,0.50029
,,,,,0.4724
,,,,,0.46313000000000004
,,,,,0.46673000000000003
,,,,,0.47038
,,,,,0.46626000000000006
,,,,,0.44993999999999995
,,,,,0.42771000000000003
,,,,,0.43176000000000003
,,,,,0.43795
,,,,,0.43201000000000006
,,,,,0.4398
,,,,,0.47285
,,,,,0.51048
,,,,,0.55247
,,,,,0.58067
,,,,,0.60975
,,,,,0.62747
,,,,,0.6058100000000001
,,,,,0.52515
,,,,,0.46213000000000004
,,,,,0.41066
,,,,,0.34915
,,,,,0.28386999999999996
,,,,,0.22805
,,,,,0.18987
,,,,,0.16771
,,,,,0.1761
,,,,,0.22693000000000002
,,,,,0.28925
,,,,,0.34757
,,,,,0.41022
,,,,,0.47101000000000004
,,,,,0.52058
,,,,,0.58728
,,,,,0.6814399999999999
,,,,,0.8287700000000001
,,,,,1.0088
,,,,,1.1832
,,,,,1.2718
,,,,,1.3175
,,,,,1.3269
,,,,,1.2711
,,,,,1.1435
,,,,,0.95981
,,,,,0.74949
,,,,,0.53698
,,,,,0.37525
,,,,,0.32619000000000004
,,,,,0.38402
,,,,,0.43171000000000004
,,,,,0.42621000000000003
,,,,,0.39836
,,,,,0.35599000000000003
,,,,,0.3053
,,,,,0.26039
,,,,,0.21794000000000002
,,,,,0.16860999999999998
,,,,,0.11772
,,,,,0.079582
,,,,,0.061937
,,,,,0.04646
,,,,,0.02241
,,,,,0.017700999999999998
,,,,,0.059174000000000004
,,,,,0.10479000000000001
,,,,,0.1492
,,,,,0.18812
,,,,,0.21743
,,,,,0.25231
,,,,,0.29825
,,,,,0.32173
,,,,,0.31467
,,,,,0.29006
,,,,,0.24789
,,,,,0.18362
,,,,,0.11052000000000001
,,,,,0.046625
,,,,,0.043212
,,,,,0.084195
,,,,,0.12942
,,,,,0.15765
,,,,,0.1799
,,,,,0.20117000000000002
,,,,,0.21979
,,,,,0.23213000000000003
,,,,,0.23
,,,,,0.20756
,,,,,0.17287
,,,,,0.13442
,,,,,0.10853
,,,,,0.11160999999999999
,,,,,0.13581
,,,,,0.1643
,,,,,0.19719
,,,,,0.23995999999999998
,,,,,0.28924
,,,,,0.35311
,,,,,0.43211000000000005
,,,,,0.5094
,,,,,0.5728
,,,,,0.6057600000000001
,,,,,0.60231
,,,,,0.56367
,,,,,0.49478
,,,,,0.41303999999999996
,,,,,0.33286
,,,,,0.25582
,,,,,0.17842
,,,,,0.11575999999999999
,,,,,0.079414
,,,,,0.090396
,,,,,0.11757000000000001
,,,,,0.13219
,,,,,0.23913
,,,,,0.39865
,,,,,0.62245
,,,,,0.89623
,,,,,1.1964
,,,,,1.5013
,,,,,1.7908
,,,,,2.0402
,,,,,2.2224
,,,,,2.3116
,,,,,2.2922
,,,,,2.1589
,,,,,1.925
,,,,,1.6208
,,,,,1.2770000000000001
,,,,,0.92406
,,,,,0.60538
,,,,,0.35004
,,,,,0.16115
,,,,,0.019035
,,,,,0.0
,,,,,0.0
,,,,,0.0
,,,,,0.0
,,,,,0.0
,,,,,0.0
,,,,,0.0
,,,,,0.0
,,,,,0.0
,,,,,0.0
,,,,,0.0
,,,,,0.0
,,,,,0.0
,,,,,0.0
,,,,,0.0
,,,,,0.0
,,,,,0.0
,,,,,0.0
,,,,,0.0
,,,,,0.0
,,,,,0.0
,,,,,0.0
,,,,,0.0
,,,,,0.0
,,,,,0.0
,,,,,0.0
,,,,,0.0
,,,,,0.0
,,,,,0.0
,,,,,0.0
,,,,,0.0
,,,,,0.0
,,,,,0.0
,,,,,0.0
,,,,,0.0
,,,,,0.0
,,,,,0.0
,,,,,0.0
,,,,,0.0
,,,,,0.0
,,,,,0.0
,,,,,0.0
,,,,,0.0
,,,,,0.0
,,,,,0.0
,,,,,0.0
,,,,,0.0
,,,,,0.0
,,,,,0.0
,,,,,0.0
,,,,,0.0
,,,,,0.0
,,,,,0.0
,,,,,0.0
,,,,,0.0
,,,,,0.0
,,,,,0.0
,,,,,0.0
,,,,,0.0
,,,,,0.0
,,,,,0.0
,,,,,0.0
,,,,,0.0
,,,,,0.0
,,,,,0.0
,,,,,0.0
,,,,,0.0
,,,,,0.0
,,,,,0.0
,,,,,0.0
,,,,,0.0
,,,,,0.0
,,,,,0.0
,,,,,0.0
,,,,,0.0
,,,,,0.0
,,,,,0.0
,,,,,0.0
,,,,,0.0
,,,,,0.0
,,,,,0.0
,,,,,0.0
,,,,,0.0
,,,,,0.0
,,,,,0.0
,,,,,0.0
,,,,,0.0
,,,,,0.0
,,,,,0.0
,,,,,0.0
,,,,,0.0
,,,,,0.0
,,,,,0.0
,,,,,0.0
,,,,,0.0
,,,,,0.0
,,,,,0.0
,,,,,0.0
,,,,,0.0
,,,,,0.0
,,,,,0.0
,,,,,0.0
,,,,,0.0
,,,,,0.0
,,,,,0.0
,,,,,0.0
,,,,,0.0
,,,,,0.0
,,,,,0.0
,,,,,0.0
,,,,,0.0
,,,,,0.0
,,,,,0.0
,,,,,0.0
,,,,,0.0
,,,,,0.0
,,,,,0.0
,,,,,0.0
,,,,,0.0
,,,,,0.0
,,,,,0.0
,,,,,0.0
,,,,,0.0
,,,,,0.0
,,,,,0.0
,,,,,0.0
,,,,,0.0
,,,,,0.0
,,,,,0.0
,,,,,0.0
,,,,,0.0
,,,,,0.0
,,,,,0.0
,,,,,0.0
,,,,,0.0
,,,,,0.0
,,,,,0.0
,,,,,0.0
,,,,,0.0
,,,,,0.0
,,,,,0.0
,,,,,0.0
,,,,,0.0
,,,,,0.0
,,,,,0.0
,,,,,0.0
,,,,,0.0
,,,,,0.0
,,,,,0.0
,,,,,0.0
,,,,,0.0
,,,,,0.0
,,,,,0.0
,,,,,0.0
,,,,,0.0
,,,,,0.0
,,,,,0.0
,,,,,0.0
,,,,,0.0
,,,,,0.0
,,,,,0.0
,,,,,0.0
,,,,,0.0
,,,,,0.0
,,,,,0.0
,,,,,0.0
,,,,,0.0
,,,,,0.0
,,,,,0.0
,,,,,0.0
,,,,,0.0
,,,,,0.0
,,,,,0.0
,,,,,0.0
,,,,,0.0
,,,,,0.0
,,,,,0.0
,,,,,0.0
,,,,,0.0
,,,,,0.0
,,,,,0.0
,,,,,0.0
,,,,,0.0
,,,,,0.0
,,,,,0.0
,,,,,0.0
,,,,,0.0
,,,,,0.0
,,,,,0.0
,,,,,0.0
,,,,,0.0
,,,,,0.0
,,,,,0.0
,,,,,0.0
,,,,,0.0
,,,,,0.0
,,,,,0.0
,,,,,0.0
,,,,,0.0
,,,,,0.0
,,,,,0.0
,,,,,0.0
,,,,,0.0
,,,,,0.0
,,,,,0.0
,,,,,0.0
,,,,,0.0
,,,,,0.0
,,,,,0.0
,,,,,0.0
,,,,,0.0
,,,,,0.0
,,,,,0.0
,,,,,0.0
,,,,,0.0
,,,,,0.0
,,,,,0.0
,,,,,0.0
,,,,,0.0
,,,,,0.0
,,,,,0.0
,,,,,0.0
,,,,,0.0
,,,,,0.0
,,,,,0.0
,,,,,0.0
,,,,,0.0
,,,,,0.0
,,,,,0.0
,,,,,0.0
,,,,,0.0
,,,,,0.0
,,,,,0.0
,,,,,0.0
,,,,,0.0
,,,,,0.0
,,,,,0.0
,,,,,0.0
,,,,,0.0
,,,,,0.0
,,,,,0.0
,,,,,0.0
,,,,,0.0
,,,,,0.0
,,,,,0.0
,,,,,0.0
,,,,,0.0
,,,,,0.0
,,,,,0.0
,,,,,0.0
,,,,,0.0
,,,,,0.0
,,,,,0.0
,,,,,0.0
,,,,,0.0
,,,,,0.0
,,,,,0.0
,,,,,0.0
,,,,,0.0
,,,,,1.0727
,,,,,0.8517399999999999
,,,,,0.5895100000000001
,,,,,0.3396
,,,,,0.22305999999999998
,,,,,0.30796999999999997
,,,,,0.41648999999999997
,,,,,0.48683999999999994
,,,,,0.5089899999999999
,,,,,0.49513
,,,,,0.44261999999999996
,,,,,0.32536
,,,,,0.14561
,,,,,0.22859000000000002
,,,,,0.57123
,,,,,0.96004
,,,,,1.3431
,,,,,1.6784
,,,,,1.9294
,,,,,2.0747
,,,,,2.1069
,,,,,2.0397
,,,,,1.8977
,,,,,1.7039
,,,,,1.4884
,,,,,1.2899
,,,,,1.1385
,,,,,1.0644
,,,,,1.0705
,,,,,1.1243
,,,,,1.1781
,,,,,1.1911
,,,,,1.1424
,,,,,1.031
,,,,,0.8752
,,,,,0.71168
,,,,,0.6051
,,,,,0.62002
,,,,,0.73487
,,,,,0.87585
,,,,,0.98224
,,,,,1.0197
,,,,,0.97657
,,,,,0.88366
,,,,,0.81139
,,,,,0.8638
,,,,,1.0773
,,,,,1.3658
,,,,,1.6312
,,,,,1.8072
,,,,,1.8595
,,,,,1.7813
,,,,,1.5728
,,,,,1.2522
,,,,,0.87679
,,,,,0.49646999999999997
,,,,,0.20395
,,,,,0.28403
,,,,,0.47734
,,,,,0.59922
,,,,,0.62667
,,,,,0.5707
,,,,,0.45721999999999996
,,,,,0.34275
,,,,,0.35944
,,,,,0.5444100000000001
,,,,,0.78272
,,,,,1.0056
,,,,,1.1675
,,,,,1.2301
,,,,,1.1619
,,,,,0.96588
,,,,,0.6588
,,,,,0.25737
,,,,,0.18400999999999998
,,,,,0.57704
,,,,,0.86085
,,,,,0.97449
,,,,,0.89446
,,,,,0.60869
,,,,,0.33721999999999996
,,,,,0.6953600000000001
,,,,,1.3027
,,,,,1.8858
,,,,,2.3438
,,,,,2.6127
,,,,,2.6587
,,,,,2.4825
,,,,,2.1325
,,,,,1.6712
,,,,,1.1612
,,,,,0.6765
,,,,,0.29494000000000004
,,,,,0.17323
,,,,,0.28961
,,,,,0.35774
,,,,,0.36556
,,,,,0.34696
,,,,,0.3432
,,,,,0.39768000000000003
,,,,,0.48367
,,,,,0.57939
,,,,,0.6592600000000001
,,,,,0.7079
,,,,,0.71416
,,,,,0.68034
,,,,,0.60648
,,,,,0.50642
,,,,,0.41727
,,,,,0.38523
,,,,,0.41655
,,,,,0.46208
,,,,,0.47389
,,,,,0.42981
,,,,,0.36599
,,,,,0.32873
,,,,,0.40560999999999997
,,,,,0.61455
,,,,,0.91155
,,,,,1.2617
,,,,,1.6414
,,,,,2.0026
,,,,,2.2761
,,,,,2.4135
,,,,,2.3294
,,,,,2.0148
,,,,,1.4834
,,,,,0.76048
,,,,,0.093061
,,,,,0.95389
,,,,,1.7368
,,,,,2.3379
,,,,,2.6873
,,,,,2.7668
,,,,,2.6037
,,,,,2.2592
,,,,,1.834
,,,,,1.4311
,,,,,1.1387
,,,,,1.013
,,,,,0.9466600000000001
,,,,,0.81871
,,,,,0.6178
,,,,,0.39576
,,,,,0.22261999999999998
,,,,,0.29869
,,,,,0.43772
,,,,,0.52268
,,,,,0.55072
,,,,,0.529
,,,,,0.46224
,,,,,0.35372
,,,,,0.21636999999999998
,,,,,0.20038
,,,,,0.42343000000000003
,,,,,0.73945
,,,,,1.0915
,,,,,1.4279
,,,,,1.7071
,,,,,1.9134
,,,,,2.0027
,,,,,1.9289
,,,,,1.6984
,,,,,1.3381
,,,,,0.8944700000000001
,,,,,0.44706999999999997
,,,,,0.35739
,,,,,0.69484
,,,,,0.9882299999999999
,,,,,1.1627
,,,,,1.2174
,,,,,1.1856
,,,,,1.122
,,,,,1.0777
,,,,,1.0637
,,,,,1.051
,,,,,1.0013
,,,,,0.89039
,,,,,0.71705
,,,,,0.5032300000000001
,,,,,0.27752
,,,,,0.068938
,,,,,0.13663
,,,,,0.29507
,,,,,0.43428
,,,,,0.55971
,,,,,0.6625300000000001
,,,,,0.7462
,,,,,0.78414
,,,,,0.76212
,,,,,0.68147
,,,,,0.55202
,,,,,0.39293
,,,,,0.23538
,,,,,0.14279
,,,,,0.17995
,,,,,0.23883000000000001
,,,,,0.25945
,,,,,0.25528
,,,,,0.27634000000000003
,,,,,0.36466
,,,,,0.48886999999999997
,,,,,0.61042
,,,,,0.69399
,,,,,0.72219
,,,,,0.69295
,,,,,0.62548
,,,,,0.55214
,,,,,0.49665
,,,,,0.4652
,,,,,0.43892
,,,,,0.39405
,,,,,0.32791
,,,,,0.27476999999999996
,,,,,0.30348
,,,,,0.43395
,,,,,0.61588
,,,,,0.82026
,,,,,1.0267
,,,,,1.2221
,,,,,1.3863
,,,,,1.5234
,,,,,1.6847
,,,,,1.9242
,,,,,2.2674
,,,,,2.6835
,,,,,3.1021
,,,,,3.4457
,,,,,3.648
,,,,,3.6686
,,,,,3.4964
,,,,,3.15
,,,,,2.6727
,,,,,2.1257
,,,,,1.5763
,,,,,1.0765
,,,,,0.66869
,,,,,0.36772
,,,,,0.16309
,,,,,0.019009
,,,,,0.0
,,,,,0.0
,,,,,0.0
,,,,,0.0
,,,,,0.0
,,,,,0.0
,,,,,0.0
,,,,,0.0
,,,,,0.0
,,,,,0.0
,,,,,0.0
,,,,,0.0
,,,,,0.0
,,,,,0.0
,,,,,0.0
,,,,,0.0
,,,,,0.0
,,,,,0.0
,,,,,0.0
,,,,,0.0
,,,,,0.0
,,,,,0.0
,,,,,0.0
,,,,,0.0
,,,,,0.0
,,,,,0.0
,,,,,0.0
,,,,,0.0
,,,,,0.0
,,,,,0.0
,,,,,0.0
,,,,,0.0
,,,,,0.0
,,,,,0.0
,,,,,0.0
,,,,,0.0
,,,,,0.0
,,,,,0.0
,,,,,0.0
,,,,,0.0
,,,,,0.0
,,,,,0.0
,,,,,0.0
,,,,,0.0
,,,,,0.0
,,,,,0.0
,,,,,0.0
,,,,,0.0
,,,,,0.0
,,,,,0.0
,,,,,0.0
,,,,,0.0
,,,,,0.0
,,,,,0.0
,,,,,0.0
,,,,,0.0
,,,,,0.0
,,,,,0.0
,,,,,0.0
,,,,,0.0
,,,,,0.0
,,,,,0.0
,,,,,0.0
,,,,,0.0
,,,,,0.0
,,,,,0.0
,,,,,0.0
,,,,,0.0
,,,,,0.0
,,,,,0.0
,,,,,0.0
,,,,,0.0
,,,,,0.0
,,,,,0.0
,,,,,0.0
,,,,,0.0
,,,,,0.0
,,,,,0.0
,,,,,0.0
,,,,,0.0
,,,,,0.0
,,,,,0.0
,,,,,0.0
,,,,,0.0
,,,,,0.0
,,,,,0.0
,,,,,0.0
,,,,,0.0
,,,,,0.0
,,,,,0.0
,,,,,0.0
,,,,,0.0
,,,,,0.0
,,,,,0.0
,,,,,0.0
,,,,,0.0
,,,,,0.0
,,,,,0.0
,,,,,0.0
,,,,,0.0
,,,,,0.0
,,,,,0.0
,,,,,0.0
,,,,,0.0
,,,,,0.0
,,,,,0.0
,,,,,0.0
,,,,,0.0
,,,,,0.0
,,,,,0.0
,,,,,0.0
,,,,,0.0
,,,,,0.0
,,,,,0.0
,,,,,0.0
,,,,,0.0
,,,,,0.0
,,,,,0.0
,,,,,0.0
,,,,,0.0
,,,,,0.0
,,,,,0.0
,,,,,0.0
,,,,,0.0
,,,,,0.0
,,,,,0.0
,,,,,0.0
,,,,,0.0
,,,,,0.0
,,,,,0.0
,,,,,0.0
,,,,,0.0
,,,,,0.0
,,,,,0.0
,,,,,0.0
,,,,,0.0
,,,,,0.0
,,,,,0.0
,,,,,0.0
,,,,,0.0
,,,,,0.0
,,,,,0.0
,,,,,0.0
,,,,,0.0
,,,,,0.0
,,,,,0.0
,,,,,0.0
,,,,,0.0
,,,,,0.0
,,,,,0.0
,,,,,0.0
,,,,,0.0
,,,,,0.0
,,,,,0.0
,,,,,0.0
,,,,,0.0
,,,,,0.0
,,,,,0.0
,,,,,0.0
,,,,,0.0
,,,,,0.0
,,,,,0.0
,,,,,0.0
,,,,,0.0
,,,,,0.0
,,,,,0.0
,,,,,0.0
,,,,,0.0
,,,,,0.0
,,,,,0.0
,,,,,0.0
,,,,,0.0
,,,,,0.0
,,,,,0.0
,,,,,0.0
,,,,,0.0
,,,,,0.0
,,,,,0.0
,,,,,0.0
,,,,,0.0
,,,,,0.0
,,,,,0.0
,,,,,0.0
,,,,,0.0
,,,,,0.0
,,,,,0.0
,,,,,0.0
,,,,,0.0
,,,,,0.0
,,,,,0.0
,,,,,0.0
,,,,,0.0
,,,,,0.0
,,,,,0.0
,,,,,0.0
,,,,,0.0
,,,,,0.0
,,,,,0.0
,,,,,0.0
,,,,,0.0
,,,,,0.0
,,,,,0.0
,,,,,0.0
,,,,,0.0
,,,,,0.0
,,,,,0.0
,,,,,0.0
,,,,,0.0
,,,,,0.0
,,,,,0.0
,,,,,0.0
,,,,,0.0
,,,,,0.0
,,,,,0.0
,,,,,0.0
,,,,,0.0
,,,,,0.0
,,,,,0.0
,,,,,0.0
,,,,,0.0
,,,,,0.0
,,,,,0.0
,,,,,0.0
,,,,,0.0
,,,,,0.0
,,,,,0.0
,,,,,0.0
,,,,,0.0
,,,,,0.0
,,,,,0.0
,,,,,0.0
,,,,,0.0
,,,,,0.0
,,,,,0.0
,,,,,0.0
,,,,,0.0
,,,,,0.0
,,,,,0.0
,,,,,0.0
,,,,,0.0
,,,,,0.0
,,,,,0.0
,,,,,0.0
,,,,,0.0
,,,,,0.0
,,,,,0.0
,,,,,0.0
,,,,,0.0
,,,,,0.0
,,,,,0.0
,,,,,0.0
,,,,,0.0
,,,,,0.0
,,,,,0.0
,,,,,0.0
,,,,,0.0
,,,,,0.0
,,,,,0.0
,,,,,0.0
,,,,,0.36364
,,,,,0.29638000000000003
,,,,,0.23253000000000001
,,,,,0.23373000000000002
,,,,,0.18453
,,,,,0.086784
,,,,,0.072602
,,,,,0.08251499999999999
,,,,,0.052426
,,,,,0.07954800000000001
,,,,,0.062105999999999995
,,,,,0.053337999999999997
,,,,,0.16471
,,,,,0.19399
,,,,,0.13817000000000002
,,,,,0.20565
,,,,,0.27996
,,,,,0.22626999999999997
,,,,,0.18220999999999998
,,,,,0.24739
,,,,,0.22433000000000003
,,,,,0.12040999999999999
,,,,,0.13205999999999998
,,,,,0.15186
,,,,,0.09797
,,,,,0.06361599999999999
,,,,,0.13452999999999998
,,,,,0.15087
,,,,,0.11341
,,,,,0.16992000000000002
,,,,,0.24319000000000002
,,,,,0.21515
,,,,,0.18942
,,,,,0.25017
,,,,,0.2431
,,,,,0.16421
,,,,,0.15829000000000001
,,,,,0.17326
,,,,,0.10248
,,,,,0.037334
,,,,,0.084629
,,,,,0.053917999999999994
,,,,,0.045204
,,,,,0.09556
,,,,,0.066728
,,,,,0.058948
,,,,,0.1378
,,,,,0.14445999999999998
,,,,,0.086037
,,,,,0.14415
,,,,,0.1888
,,,,,0.12635
,,,,,0.092718
,,,,,0.14582
,,,,,0.13585999999999998
,,,,,0.050736
,,,,,0.08493099999999999
,,,,,0.10165
,,,,,0.035806
,,,,,0.088713
,,,,,0.14128
,,,,,0.11043
,,,,,0.12703
,,,,,0.20973000000000003
,,,,,0.21444000000000002
,,,,,0.19083
,,,,,0.24433000000000002
,,,,,0.26245
,,,,,0.204
,,,,,0.19072
,,,,,0.23012
,,,,,0.1934
,,,,,0.15269000000000002
,,,,,0.2199
,,,,,0.21433000000000002
,,,,,0.1691
,,,,,0.22021999999999997
,,,,,0.26882
,,,,,0.22383000000000003
,,,,,0.1642
,,,,,0.17285
,,,,,0.21338000000000001
,,,,,0.21500999999999998
,,,,,0.18939
,,,,,0.23346
,,,,,0.31195
,,,,,0.31168
,,,,,0.25706
,,,,,0.27483
,,,,,0.28496
,,,,,0.20623000000000002
,,,,,0.13951
,,,,,0.15659
,,,,,0.11714000000000001
,,,,,0.017371
,,,,,0.05620700000000001
,,,,,0.056022
,,,,,0.037337
,,,,,0.050704
,,,,,0.024474
,,,,,0.022677000000000003
,,,,,0.047138
,,,,,0.04523
,,,,,0.028911000000000003
,,,,,0.037339
,,,,,0.046737
,,,,,0.032927
,,,,,0.029460000000000004
,,,,,0.050954
,,,,,0.035452
,,,,,0.025404
,,,,,0.074923
,,,,,0.065725
,,,,,0.014056
,,,,,0.086077
,,,,,0.13455999999999999
,,,,,0.11943
,,,,,0.1008
,,,,,0.18311
,,,,,0.23920999999999998
,,,,,0.22588000000000003
,,,,,0.2555
,,,,,0.34015
,,,,,0.35714
,,,,,0.31299
,,,,,0.28451
,,,,,0.28829
,,,,,0.27636
,,,,,0.27647
,,,,,0.32643
,,,,,0.44008
,,,,,0.5896600000000001
,,,,,0.68137
,,,,,0.69625
,,,,,0.75927
,,,,,0.83296
,,,,,0.75753
,,,,,0.6695300000000001
,,,,,0.64817
,,,,,0.5472899999999999
,,,,,0.3837
,,,,,0.31628
,,,,,0.28757
,,,,,0.17457
,,,,,0.096231
,,,,,0.10121000000000001
,,,,,0.072633
,,,,,0.019811000000000002
,,,,,0.082723
,,,,,0.08693
,,,,,0.034168000000000004
,,,,,0.091691
,,,,,0.1407
,,,,,0.12038
,,,,,0.11740999999999999
,,,,,0.17101
,,,,,0.17205
,,,,,0.12542
,,,,,0.15822999999999998
,,,,,0.1713
,,,,,0.11195
,,,,,0.14299
,,,,,0.18098
,,,,,0.14275
,,,,,0.13235999999999998
,,,,,0.18078
,,,,,0.15805999999999998
,,,,,0.097412
,,,,,0.08141
,,,,,0.11525999999999999
,,,,,0.12282
,,,,,0.10755999999999999
,,,,,0.088804
,,,,,0.14737
,,,,,0.20026
,,,,,0.1734
,,,,,0.15597
,,,,,0.20624
,,,,,0.19057000000000002
,,,,,0.10983
,,,,,0.12479000000000001
,,,,,0.14247
,,,,,0.078112
,,,,,0.042133
,,,,,0.084341
,,,,,0.04815
,,,,,0.037366
,,,,,0.07833999999999999
,,,,,0.044926
,,,,,0.06151
,,,,,0.11192
,,,,,0.07962799999999999
,,,,,0.084569
,,,,,0.14069
,,,,,0.11408
,,,,,0.080777
,,,,,0.13656
,,,,,0.12813
,,,,,0.054886000000000004
,,,,,0.07989199999999999
,,,,,0.090514
,,,,,0.043073
,,,,,0.037198
,,,,,0.0083347
,,,,,0.10082
,,,,,0.14923
,,,,,0.1183
,,,,,0.15631
,,,,,0.22889
,,,,,0.20328
,,,,,0.16360999999999998
,,,,,0.21771999999999997
,,,,,0.21491
,,,,,0.1254
,,,,,0.11033
,,,,,0.13022999999999998
,,,,,0.061749
,,,,,0.038292
,,,,,0.075224
,,,,,0.034735
,,,,,0.032826999999999995
,,,,,0.084989
,,,,,0.091633
,,,,,0.2499
,,,,,0.41889
,,,,,0.48362
,,,,,0.60841
,,,,,0.79306
,,,,,0.8300700000000001
,,,,,0.8075
,,,,,0.8827299999999999
,,,,,0.8623299999999999
,,,,,0.69203
,,,,,0.6010800000000001
,,,,,0.55783
,,,,,0.38101
,,,,,0.20040999999999998
,,,,,0.1858
,,,,,0.13568
,,,,,0.018927
,,,,,0.0
,,,,,0.0
,,,,,0.0
,,,,,0.0
,,,,,0.0
,,,,,0.0
,,,,,0.0
,,,,,0.0
,,,,,0.0
,,,,,0.0
,,,,,0.0
,,,,,0.0
,,,,,0.0
,,,,,0.0
,,,,,0.0
,,,,,0.0
,,,,,0.0
,,,,,0.0
,,,,,0.0
,,,,,0.0
,,,,,0.0
,,,,,0.0
,,,,,0.0
,,,,,0.0
,,,,,0.0
,,,,,0.0
,,,,,0.0
,,,,,0.0
,,,,,0.0
,,,,,0.0
,,,,,0.0
,,,,,0.0
,,,,,0.0
,,,,,0.0
,,,,,0.0
,,,,,0.0
,,,,,0.0
,,,,,0.0
,,,,,0.0
,,,,,0.0
,,,,,0.0
,,,,,0.0
,,,,,0.0
,,,,,0.0
,,,,,0.0
,,,,,0.0
,,,,,0.0
,,,,,0.0
,,,,,0.0
,,,,,0.0
,,,,,0.0
,,,,,0.0
,,,,,0.0
,,,,,0.0
,,,,,0.0
,,,,,0.0
,,,,,0.0
,,,,,0.0
,,,,,0.0
,,,,,0.0
,,,,,0.0
,,,,,0.0
,,,,,0.0
,,,,,0.0
,,,,,0.0
,,,,,0.0
,,,,,0.0
,,,,,0.0
,,,,,0.0
,,,,,0.0
,,,,,0.0
,,,,,0.0
,,,,,0.0
,,,,,0.0
,,,,,0.0
,,,,,0.0
,,,,,0.0
,,,,,0.0
,,,,,0.0
,,,,,0.0
,,,,,0.0
,,,,,0.0
,,,,,0.0
,,,,,0.0
,,,,,0.0
,,,,,0.0
,,,,,0.0
,,,,,0.0
,,,,,0.0
,,,,,0.0
,,,,,0.0
,,,,,0.0
,,,,,0.0
,,,,,0.0
,,,,,0.0
,,,,,0.0
,,,,,0.0
,,,,,0.0
,,,,,0.0
,,,,,0.0
,,,,,0.0
,,,,,0.0
,,,,,0.0
,,,,,0.0
,,,,,0.0
,,,,,0.0
,,,,,0.0
,,,,,0.0
,,,,,0.0
,,,,,0.0
,,,,,0.0
,,,,,0.0
,,,,,0.0
,,,,,0.0
,,,,,0.0
,,,,,0.0
,,,,,0.0
,,,,,0.0
,,,,,0.0
,,,,,0.0
,,,,,0.0
,,,,,0.0
,,,,,0.0
,,,,,0.0
,,,,,0.0
,,,,,0.0
,,,,,0.0
,,,,,0.0
,,,,,0.0
,,,,,0.0
,,,,,0.0
,,,,,0.0
,,,,,0.0
,,,,,0.0
,,,,,0.0
,,,,,0.0
,,,,,0.0
,,,,,0.0
,,,,,0.0
,,,,,0.0
,,,,,0.0
,,,,,0.0
,,,,,0.0
,,,,,0.0
,,,,,0.0
,,,,,0.0
,,,,,0.0
,,,,,0.0
,,,,,0.0
,,,,,0.0
,,,,,0.0
,,,,,0.0
,,,,,0.0
,,,,,0.0
,,,,,0.0
,,,,,0.0
,,,,,0.0
,,,,,0.0
,,,,,0.0
,,,,,0.0
,,,,,0.0
,,,,,0.0
,,,,,0.0
,,,,,0.0
,,,,,0.0
,,,,,0.0
,,,,,0.0
,,,,,0.0
,,,,,0.0
,,,,,0.0
,,,,,0.0
,,,,,0.0
,,,,,0.0
,,,,,0.0
,,,,,0.0
,,,,,0.0
,,,,,0.0
,,,,,0.0
,,,,,0.0
,,,,,0.0
,,,,,0.0
,,,,,0.0
,,,,,0.0
,,,,,0.0
,,,,,0.0
,,,,,0.0
,,,,,0.0
,,,,,0.0
,,,,,0.0
,,,,,0.0
,,,,,0.0
,,,,,0.0
,,,,,0.0
,,,,,0.0
,,,,,0.0
,,,,,0.0
,,,,,0.0
,,,,,0.0
,,,,,0.0
,,,,,0.0
,,,,,0.0
,,,,,0.0
,,,,,0.0
,,,,,0.0
,,,,,0.0
,,,,,0.0
,,,,,0.0
,,,,,0.0
,,,,,0.0
,,,,,0.0
,,,,,0.0
,,,,,0.0
,,,,,0.0
,,,,,0.0
,,,,,0.0
,,,,,0.0
,,,,,0.0
,,,,,0.0
,,,,,0.0
,,,,,0.0
,,,,,0.0
,,,,,0.0
,,,,,0.0
,,,,,0.0
,,,,,0.0
,,,,,0.0
,,,,,0.0
,,,,,0.0
,,,,,0.0
,,,,,0.0
,,,,,0.0
,,,,,0.0
,,,,,0.0
,,,,,0.0
,,,,,0.0
,,,,,0.0
,,,,,0.0
,,,,,0.0
,,,,,0.0
,,,,,0.0
,,,,,0.0
,,,,,0.0
,,,,,0.0
,,,,,0.0
,,,,,0.0
,,,,,0.0
,,,,,0.0
,,,,,0.0
,,,,,0.0
,,,,,0.0
,,,,,0.0
,,,,,0.0
,,,,,0.0
,,,,,0.0
,,,,,0.0
,,,,,0.0
,,,,,0.0
,,,,,0.0
,,,,,0.0
,,,,,0.062179
,,,,,0.057548
,,,,,0.058089999999999996
,,,,,0.048046
,,,,,0.048102
,,,,,0.035508
,,,,,0.033684
,,,,,0.017664
,,,,,0.028224000000000003
,,,,,0.010084000000000001
,,,,,0.047932999999999996
,,,,,0.031368
,,,,,0.08256000000000001
,,,,,0.07178
,,,,,0.11813
,,,,,0.10484
,,,,,0.14059000000000002
,,,,,0.12039000000000001
,,,,,0.14074
,,,,,0.11287
,,,,,0.11804
,,,,,0.083856
,,,,,0.082618
,,,,,0.060377999999999994
,,,,,0.043461
,,,,,0.044193
,,,,,0.041949
,,,,,0.059709000000000005
,,,,,0.068564
,,,,,0.08857000000000001
,,,,,0.10257000000000001
,,,,,0.10958
,,,,,0.1194
,,,,,0.11399000000000001
,,,,,0.11529
,,,,,0.09687799999999999
,,,,,0.093389
,,,,,0.06478099999999999
,,,,,0.056032000000000005
,,,,,0.036502
,,,,,0.018562000000000002
,,,,,0.020313
,,,,,0.0077364999999999995
,,,,,0.011045000000000001
,,,,,0.012504000000000001
,,,,,0.012015999999999999
,,,,,0.011084
,,,,,0.013866
,,,,,0.011965
,,,,,0.016651
,,,,,0.011640000000000001
,,,,,0.013927000000000002
,,,,,0.012187
,,,,,0.015378
,,,,,0.013217
,,,,,0.010786
,,,,,0.013546
,,,,,0.010883
,,,,,0.010836
,,,,,0.01055
,,,,,0.0039296999999999995
,,,,,0.021397
,,,,,0.024717
,,,,,0.047701
,,,,,0.050569
,,,,,0.074976
,,,,,0.074974
,,,,,0.095351
,,,,,0.082375
,,,,,0.10365
,,,,,0.080014
,,,,,0.078824
,,,,,0.05805
,,,,,0.070075
,,,,,0.017144
,,,,,0.045126
,,,,,0.037372
,,,,,0.038761000000000004
,,,,,0.061890999999999995
,,,,,0.070132
,,,,,0.08227000000000001
,,,,,0.098196
,,,,,0.10898
,,,,,0.12574000000000002
,,,,,0.13266
,,,,,0.14439000000000002
,,,,,0.14224
,,,,,0.14914000000000002
,,,,,0.13167
,,,,,0.1444
,,,,,0.10457999999999999
,,,,,0.10702
,,,,,0.081104
,,,,,0.074956
,,,,,0.037398
,,,,,0.048068
,,,,,0.0096921
,,,,,0.023696000000000002
,,,,,0.0074881
,,,,,0.0038845999999999998
,,,,,0.010362
,,,,,0.0029773000000000004
,,,,,0.012922999999999999
,,,,,0.0059446
,,,,,0.016286000000000002
,,,,,0.0070585
,,,,,0.013313
,,,,,0.0061463
,,,,,0.006903
,,,,,0.0082929
,,,,,0.0051428
,,,,,0.011007
,,,,,0.013645
,,,,,0.010385
,,,,,0.041788
,,,,,0.029324
,,,,,0.055152
,,,,,0.063058
,,,,,0.091124
,,,,,0.09149600000000001
,,,,,0.12566
,,,,,0.10196000000000001
,,,,,0.11915
,,,,,0.07360499999999999
,,,,,0.032326
,,,,,0.041648000000000004
,,,,,0.1007
,,,,,0.19275
,,,,,0.2642
,,,,,0.33964
,,,,,0.39723
,,,,,0.42871000000000004
,,,,,0.44927
,,,,,0.43058
,,,,,0.40683
,,,,,0.36058
,,,,,0.28920999999999997
,,,,,0.22851999999999997
,,,,,0.16055
,,,,,0.1034
,,,,,0.060698
,,,,,0.012009
,,,,,0.039762
,,,,,0.017858000000000002
,,,,,0.043511
,,,,,0.047373
,,,,,0.027987
,,,,,0.036572
,,,,,0.024567
,,,,,0.037581
,,,,,0.037383
,,,,,0.058336
,,,,,0.065839
,,,,,0.07865
,,,,,0.092263
,,,,,0.099376
,,,,,0.093614
,,,,,0.1067
,,,,,0.09794299999999999
,,,,,0.083268
,,,,,0.075196
,,,,,0.061597000000000006
,,,,,0.044701
,,,,,0.029074000000000003
,,,,,0.023507
,,,,,0.0074493
,,,,,0.014053
,,,,,0.021753
,,,,,0.0088485
,,,,,0.036266
,,,,,0.026137
,,,,,0.057788
,,,,,0.053828999999999995
,,,,,0.077439
,,,,,0.080151
,,,,,0.090735
,,,,,0.082773
,,,,,0.10194
,,,,,0.075629
,,,,,0.085622
,,,,,0.057201999999999996
,,,,,0.060236000000000005
,,,,,0.029851999999999997
,,,,,0.036136
,,,,,0.010512
,,,,,0.021115000000000002
,,,,,0.0094101
,,,,,0.0071014
,,,,,0.011406999999999999
,,,,,0.004760100000000001
,,,,,0.014216999999999999
,,,,,0.0098824
,,,,,0.017766999999999998
,,,,,0.019037000000000002
,,,,,0.023461000000000003
,,,,,0.023819999999999997
,,,,,0.027391000000000002
,,,,,0.023676
,,,,,0.027407
,,,,,0.019112999999999998
,,,,,0.013567
,,,,,0.023178999999999998
,,,,,0.015988
,,,,,0.040378
,,,,,0.050134
,,,,,0.071025
,,,,,0.088918
,,,,,0.09959
,,,,,0.11405
,,,,,0.11274
,,,,,0.12094
,,,,,0.10852
,,,,,0.1056
,,,,,0.09010800000000001
,,,,,0.07129500000000001
,,,,,0.05470800000000001
,,,,,0.03951
,,,,,0.022180000000000002
,,,,,0.021379
,,,,,0.019421
,,,,,0.0693
,,,,,0.061961
,,,,,0.14820999999999998
,,,,,0.16765
,,,,,0.28720999999999997
,,,,,0.30878
,,,,,0.43221000000000004
,,,,,0.42891
,,,,,0.5262899999999999
,,,,,0.47989
,,,,,0.53713
,,,,,0.44143999999999994
,,,,,0.45971000000000006
,,,,,0.32953000000000005
,,,,,0.32011
,,,,,0.18782000000000001
,,,,,0.17795999999999998
,,,,,0.06673899999999999
,,,,,0.087899
,,,,,0.01879
,,,,,0.0
,,,,,0.0
,,,,,0.0
,,,,,0.0
,,,,,0.0
,,,,,0.0
,,,,,0.0
,,,,,0.0
,,,,,0.0
,,,,,0.0
,,,,,0.0
,,,,,0.0
,,,,,0.0
,,,,,0.0
,,,,,0.0
,,,,,0.0
,,,,,0.0
,,,,,0.0
,,,,,0.0
,,,,,0.0
,,,,,0.0
,,,,,0.0
,,,,,0.0
,,,,,0.0
,,,,,0.0
,,,,,0.0
,,,,,0.0
,,,,,0.0
,,,,,0.0
,,,,,0.0
,,,,,0.0
,,,,,0.0
,,,,,0.0
,,,,,0.0
,,,,,0.0
,,,,,0.0
,,,,,0.0
,,,,,0.0
,,,,,0.0
,,,,,0.0
,,,,,0.0
,,,,,0.0
,,,,,0.0
,,,,,0.0
,,,,,0.0
,,,,,0.0
,,,,,0.0
,,,,,0.0
,,,,,0.0
,,,,,0.0
,,,,,0.0
,,,,,0.0
,,,,,0.0
,,,,,0.0
,,,,,0.0
,,,,,0.0
,,,,,0.0
,,,,,0.0
,,,,,0.0
,,,,,0.0
,,,,,0.0
,,,,,0.0
,,,,,0.0
,,,,,0.0
,,,,,0.0
,,,,,0.0
,,,,,0.0
,,,,,0.0
,,,,,0.0
,,,,,0.0
,,,,,0.0
,,,,,0.0
,,,,,0.0
,,,,,0.0
,,,,,0.0
,,,,,0.0
,,,,,0.0
,,,,,0.0
,,,,,0.0
,,,,,0.0
,,,,,0.0
,,,,,0.0
,,,,,0.0
,,,,,0.0
,,,,,0.0
,,,,,0.0
,,,,,0.0
,,,,,0.0
,,,,,0.0
,,,,,0.0
,,,,,0.0
,,,,,0.0
,,,,,0.0
,,,,,0.0
,,,,,0.0
,,,,,0.0
,,,,,0.0
,,,,,0.0
,,,,,0.0
,,,,,0.0
,,,,,0.0
,,,,,0.0
,,,,,0.0
,,,,,0.0
,,,,,0.0
,,,,,0.0
,,,,,0.0
,,,,,0.0
,,,,,0.0
,,,,,0.0
,,,,,0.0
,,,,,0.0
,,,,,0.0
,,,,,0.0
,,,,,0.0
,,,,,0.0
,,,,,0.0
,,,,,0.0
,,,,,0.0
,,,,,0.0
,,,,,0.0
,,,,,0.0
,,,,,0.0
,,,,,0.0
,,,,,0.0
,,,,,0.0
,,,,,0.0
,,,,,0.0
,,,,,0.0
,,,,,0.0
,,,,,0.0
,,,,,0.0
,,,,,0.0
,,,,,0.0
,,,,,0.0
,,,,,0.0
,,,,,0.0
,,,,,0.0
,,,,,0.0
,,,,,0.0
,,,,,0.0
,,,,,0.0
,,,,,0.0
,,,,,0.0
,,,,,0.0
,,,,,0.0
,,,,,0.0
,,,,,0.0
,,,,,0.0
,,,,,0.0
,,,,,0.0
,,,,,0.0
,,,,,0.0
,,,,,0.0
,,,,,0.0
,,,,,0.0
,,,,,0.0
,,,,,0.0
,,,,,0.0
,,,,,0.0
,,,,,0.0
,,,,,0.0
,,,,,0.0
,,,,,0.0
,,,,,0.0
,,,,,0.0
,,,,,0.0
,,,,,0.0
,,,,,0.0
,,,,,0.0
,,,,,0.0
,,,,,0.0
,,,,,0.0
,,,,,0.0
,,,,,0.0
,,,,,0.0
,,,,,0.0
,,,,,0.0
,,,,,0.0
,,,,,0.0
,,,,,0.0
,,,,,0.0
,,,,,0.0
,,,,,0.0
,,,,,0.0
,,,,,0.0
,,,,,0.0
,,,,,0.0
,,,,,0.0
,,,,,0.0
,,,,,0.0
,,,,,0.0
,,,,,0.0
,,,,,0.0
,,,,,0.0
,,,,,0.0
,,,,,0.0
,,,,,0.0
,,,,,0.0
,,,,,0.0
,,,,,0.0
,,,,,0.0
,,,,,0.0
,,,,,0.0
,,,,,0.0
,,,,,0.0
,,,,,0.0
,,,,,0.0
,,,,,0.0
,,,,,0.0
,,,,,0.0
,,,,,0.0
,,,,,0.0
,,,,,0.0
,,,,,0.0
,,,,,0.0
,,,,,0.0
,,,,,0.0
,,,,,0.0
,,,,,0.0
,,,,,0.0
,,,,,0.0
,,,,,0.0
,,,,,0.0
,,,,,0.0
,,,,,0.0
,,,,,0.0
,,,,,0.0
,,,,,0.0
,,,,,0.0
,,,,,0.0
,,,,,0.0
,,,,,0.0
,,,,,0.0
,,,,,0.0
,,,,,0.0
,,,,,0.0
,,,,,0.0
,,,,,0.0
,,,,,0.0
,,,,,0.0
,,,,,0.0
,,,,,0.0
,,,,,0.0
,,,,,0.0
,,,,,0.0
,,,,,0.0
,,,,,0.0
,,,,,0.0
,,,,,0.0
,,,,,0.0
,,,,,0.0
,,,,,0.0
,,,,,0.0
,,,,,0.0
,,,,,0.0
,,,,,0.0
,,,,,0.0
,,,,,0.0
,,,,,0.12677
,,,,,0.10222
,,,,,0.10669000000000001
,,,,,0.085155
,,,,,0.046887
,,,,,0.044782
,,,,,0.037206
,,,,,0.011928
,,,,,0.014665000000000001
,,,,,0.032458
,,,,,0.022904
,,,,,0.019009
,,,,,0.058232000000000006
,,,,,0.06449400000000001
,,,,,0.052178999999999996
,,,,,0.08177999999999999
,,,,,0.096312
,,,,,0.075026
,,,,,0.07548099999999999
,,,,,0.090211
,,,,,0.070648
,,,,,0.041668000000000004
,,,,,0.053354
,,,,,0.03841
,,,,,0.0079331
,,,,,0.023153999999999997
,,,,,0.02409
,,,,,0.023346000000000002
,,,,,0.06513
,,,,,0.077329
,,,,,0.049962
,,,,,0.082241
,,,,,0.10429000000000001
,,,,,0.069034
,,,,,0.067401
,,,,,0.09436
,,,,,0.06914
,,,,,0.030269
,,,,,0.056630999999999994
,,,,,0.043505
,,,,,0.009505
,,,,,0.018913
,,,,,0.025352
,,,,,0.009682600000000001
,,,,,0.0026083
,,,,,0.015628
,,,,,0.018094
,,,,,0.0068987
,,,,,0.010888
,,,,,0.016302
,,,,,0.011337999999999999
,,,,,0.004118
,,,,,0.016788
,,,,,0.017708
,,,,,0.0038771
,,,,,0.012249
,,,,,0.01004
,,,,,0.0029665
,,,,,0.016762
,,,,,0.0067751
,,,,,0.020243999999999998
,,,,,0.036454
,,,,,0.019098
,,,,,0.042457
,,,,,0.066731
,,,,,0.053065
,,,,,0.052837999999999996
,,,,,0.088885
,,,,,0.07699299999999999
,,,,,0.04754
,,,,,0.071034
,,,,,0.070703
,,,,,0.038111
,,,,,0.039646
,,,,,0.054520000000000006
,,,,,0.025311
,,,,,0.010091
,,,,,0.029312
,,,,,0.02174
,,,,,0.018234999999999998
,,,,,0.012095999999999999
,,,,,0.007800700000000001
,,,,,0.03707
,,,,,0.049524
,,,,,0.034956
,,,,,0.056151
,,,,,0.08472
,,,,,0.077323
,,,,,0.05563200000000001
,,,,,0.08629500000000001
,,,,,0.079373
,,,,,0.042805
,,,,,0.042210000000000004
,,,,,0.049674
,,,,,0.025833999999999996
,,,,,0.016444999999999998
,,,,,0.025162
,,,,,0.011192
,,,,,0.020533000000000003
,,,,,0.018913
,,,,,0.005538800000000001
,,,,,0.012542
,,,,,0.020803
,,,,,0.014459999999999999
,,,,,0.0016987999999999999
,,,,,0.01427
,,,,,0.017285
,,,,,0.0044804
,,,,,0.011795
,,,,,0.01611
,,,,,0.0056027
,,,,,0.011377
,,,,,0.017439
,,,,,0.010722
,,,,,0.029033
,,,,,0.031613999999999996
,,,,,0.0076186000000000005
,,,,,0.037337
,,,,,0.063847
,,,,,0.054934000000000004
,,,,,0.058553999999999995
,,,,,0.10830999999999999
,,,,,0.10115
,,,,,0.079328
,,,,,0.10502
,,,,,0.10538
,,,,,0.081603
,,,,,0.061091
,,,,,0.070658
,,,,,0.044933
,,,,,0.022997999999999998
,,,,,0.037022
,,,,,0.026608999999999997
,,,,,0.0099139
,,,,,0.035595999999999996
,,,,,0.023097
,,,,,0.018930000000000002
,,,,,0.0038289
,,,,,0.028551
,,,,,0.050753
,,,,,0.041957999999999995
,,,,,0.029793
,,,,,0.058908
,,,,,0.05538099999999999
,,,,,0.031874
,,,,,0.047957
,,,,,0.034194999999999996
,,,,,0.014247999999999999
,,,,,0.023661
,,,,,0.014009
,,,,,0.021356
,,,,,0.03128
,,,,,0.014028
,,,,,0.05209199999999999
,,,,,0.063306
,,,,,0.051864999999999994
,,,,,0.047985
,,,,,0.080689
,,,,,0.068577
,,,,,0.044436
,,,,,0.061215
,,,,,0.058487
,,,,,0.025981
,,,,,0.021854
,,,,,0.032286
,,,,,0.017814
,,,,,0.0070098
,,,,,0.013134
,,,,,0.010003
,,,,,0.020064
,,,,,0.028999
,,,,,0.010987
,,,,,0.038471
,,,,,0.059623
,,,,,0.039999
,,,,,0.051648
,,,,,0.06743400000000001
,,,,,0.062401
,,,,,0.040195999999999996
,,,,,0.05699
,,,,,0.052548000000000004
,,,,,0.025297
,,,,,0.023761
,,,,,0.029373000000000003
,,,,,0.016193
,,,,,0.0049564
,,,,,0.0121
,,,,,0.0071608999999999996
,,,,,0.0053206
,,,,,0.0047284
,,,,,0.0046292
,,,,,0.00517
,,,,,0.0094443
,,,,,0.0051963999999999995
,,,,,0.0064209
,,,,,0.012938
,,,,,0.0090305
,,,,,0.0034530999999999997
,,,,,0.011597
,,,,,0.0094915
,,,,,0.017158
,,,,,0.0069275000000000005
,,,,,0.019489
,,,,,0.046876999999999995
,,,,,0.043493000000000004
,,,,,0.037894
,,,,,0.081205
,,,,,0.093628
,,,,,0.064836
,,,,,0.086632
,,,,,0.11354000000000002
,,,,,0.081848
,,,,,0.056859
,,,,,0.089107
,,,,,0.070018
,,,,,0.020741
,,,,,0.040366
,,,,,0.046375
,,,,,0.023417
,,,,,0.027433
,,,,,0.057287
,,,,,0.047743
,,,,,0.088061
,,,,,0.16257
,,,,,0.19547
,,,,,0.21995
,,,,,0.29899000000000003
,,,,,0.34601
,,,,,0.33013000000000003
,,,,,0.34913
,,,,,0.37916
,,,,,0.32832
,,,,,0.26968000000000003
,,,,,0.27142
,,,,,0.21503000000000003
,,,,,0.12367
,,,,,0.10615
,,,,,0.090433
,,,,,0.035144
,,,,,0.018597
,,,,,0.0
,,,,,0.0
,,,,,0.0
,,,,,0.0
,,,,,0.0
,,,,,0.0
,,,,,0.0
,,,,,0.0
,,,,,0.0
,,,,,0.0
,,,,,0.0
,,,,,0.0
,,,,,0.0
,,,,,0.0
,,,,,0.0
,,,,,0.0
,,,,,0.0
,,,,,0.0
,,,,,0.0
,,,,,0.0
,,,,,0.0
,,,,,0.0
,,,,,0.0
,,,,,0.0
,,,,,0.0
,,,,,0.0
,,,,,0.0
,,,,,0.0
,,,,,0.0
,,,,,0.0
,,,,,0.0
,,,,,0.0
,,,,,0.0
,,,,,0.0
,,,,,0.0
,,,,,0.0
,,,,,0.0
,,,,,0.0
,,,,,0.0
,,,,,0.0
,,,,,0.0
,,,,,0.0
,,,,,0.0
,,,,,0.0
,,,,,0.0
,,,,,0.0
,,,,,0.0
,,,,,0.0
,,,,,0.0
,,,,,0.0
,,,,,0.0
,,,,,0.0
,,,,,0.0
,,,,,0.0
,,,,,0.0
,,,,,0.0
,,,,,0.0
,,,,,0.0
,,,,,0.0
,,,,,0.0
,,,,,0.0
,,,,,0.0
,,,,,0.0
,,,,,0.0
,,,,,0.0
,,,,,0.0
,,,,,0.0
,,,,,0.0
,,,,,0.0
,,,,,0.0
,,,,,0.0
,,,,,0.0
,,,,,0.0
,,,,,0.0
,,,,,0.0
,,,,,0.0
,,,,,0.0
,,,,,0.0
,,,,,0.0
,,,,,0.0
,,,,,0.0
,,,,,0.0
,,,,,0.0
,,,,,0.0
,,,,,0.0
,,,,,0.0
,,,,,0.0
,,,,,0.0
,,,,,0.0
,,,,,0.0
,,,,,0.0
,,,,,0.0
,,,,,0.0
,,,,,0.0
,,,,,0.0
,,,,,0.0
,,,,,0.0
,,,,,0.0
,,,,,0.0
,,,,,0.0
,,,,,0.0
,,,,,0.0
,,,,,0.0
,,,,,0.0
,,,,,0.0
,,,,,0.0
,,,,,0.0
,,,,,0.0
,,,,,0.0
,,,,,0.0
,,,,,0.0
,,,,,0.0
,,,,,0.0
,,,,,0.0
,,,,,0.0
,,,,,0.0
,,,,,0.0
,,,,,0.0
,,,,,0.0
,,,,,0.0
,,,,,0.0
,,,,,0.0
,,,,,0.0
,,,,,0.0
,,,,,0.0
,,,,,0.0
,,,,,0.0
,,,,,0.0
,,,,,0.0
,,,,,0.0
,,,,,0.0
,,,,,0.0
,,,,,0.0
,,,,,0.0
,,,,,0.0
,,,,,0.0
,,,,,0.0
,,,,,0.0
,,,,,0.0
,,,,,0.0
,,,,,0.0
,,,,,0.0
,,,,,0.0
,,,,,0.0
,,,,,0.0
,,,,,0.0
,,,,,0.0
,,,,,0.0
,,,,,0.0
,,,,,0.0
,,,,,0.0
,,,,,0.0
,,,,,0.0
,,,,,0.0
,,,,,0.0
,,,,,0.0
,,,,,0.0
,,,,,0.0
,,,,,0.0
,,,,,0.0
,,,,,0.0
,,,,,0.0
,,,,,0.0
,,,,,0.0
,,,,,0.0
,,,,,0.0
,,,,,0.0
,,,,,0.0
,,,,,0.0
,,,,,0.0
,,,,,0.0
,,,,,0.0
,,,,,0.0
,,,,,0.0
,,,,,0.0
,,,,,0.0
,,,,,0.0
,,,,,0.0
,,,,,0.0
,,,,,0.0
,,,,,0.0
,,,,,0.0
,,,,,0.0
,,,,,0.0
,,,,,0.0
,,,,,0.0
,,,,,0.0
,,,,,0.0
,,,,,0.0
,,,,,0.0
,,,,,0.0
,,,,,0.0
,,,,,0.0
,,,,,0.0
,,,,,0.0
,,,,,0.0
,,,,,0.0
,,,,,0.0
,,,,,0.0
,,,,,0.0
,,,,,0.0
,,,,,0.0
,,,,,0.0
,,,,,0.0
,,,,,0.0
,,,,,0.0
,,,,,0.0
,,,,,0.0
,,,,,0.0
,,,,,0.0
,,,,,0.0
,,,,,0.0
,,,,,0.0
,,,,,0.0
,,,,,0.0
,,,,,0.0
,,,,,0.0
,,,,,0.0
,,,,,0.0
,,,,,0.0
,,,,,0.0
,,,,,0.0
,,,,,0.0
,,,,,0.0
,,,,,0.0
,,,,,0.0
,,,,,0.0
,,,,,0.0
,,,,,0.0
,,,,,0.0
,,,,,0.0
,,,,,0.0
,,,,,0.0
,,,,,0.0
,,,,,0.0
,,,,,0.0
,,,,,0.0
,,,,,0.0
,,,,,0.0
,,,,,0.0
,,,,,0.0
,,,,,0.0
,,,,,0.0
,,,,,0.0
,,,,,0.0
,,,,,0.0
,,,,,0.0
,,,,,0.0
,,,,,0.0
,,,,,0.0
,,,,,0.0
,,,,,0.0
,,,,,0.0
,,,,,0.0
,,,,,0.0
,,,,,0.0
,,,,,0.0
,,,,,0.0
,,,,,0.0
,,,,,0.026456999999999998
,,,,,0.025211
,,,,,0.019204
,,,,,0.010105
,,,,,0.0005214
,,,,,0.0097076
,,,,,0.017297
,,,,,0.020896
,,,,,0.022713999999999998
,,,,,0.019545
,,,,,0.024704
,,,,,0.041955
,,,,,0.059495000000000006
,,,,,0.071548
,,,,,0.07868
,,,,,0.078122
,,,,,0.071998
,,,,,0.060791
,,,,,0.048026
,,,,,0.038688
,,,,,0.034581
,,,,,0.037447
,,,,,0.042505
,,,,,0.035298
,,,,,0.032353
,,,,,0.028247
,,,,,0.028995
,,,,,0.037439
,,,,,0.053491
,,,,,0.06843099999999999
,,,,,0.08014600000000001
,,,,,0.08482100000000001
,,,,,0.079907
,,,,,0.06616
,,,,,0.049760000000000006
,,,,,0.0332
,,,,,0.026456
,,,,,0.034232
,,,,,0.043599
,,,,,0.04587
,,,,,0.041259
,,,,,0.034441
,,,,,0.028480000000000002
,,,,,0.019171
,,,,,0.020748
,,,,,0.022355
,,,,,0.021207
,,,,,0.015745
,,,,,0.0099928
,,,,,0.006611399999999999
,,,,,0.012329999999999999
,,,,,0.01989
,,,,,0.022131
,,,,,0.021504
,,,,,0.018613
,,,,,0.014281
,,,,,0.00967
,,,,,0.012997
,,,,,0.019031
,,,,,0.022050999999999998
,,,,,0.018653
,,,,,0.01656
,,,,,0.021683
,,,,,0.034182
,,,,,0.04612
,,,,,0.055979999999999995
,,,,,0.062135
,,,,,0.061858
,,,,,0.054608000000000004
,,,,,0.038492
,,,,,0.024102000000000002
,,,,,0.015219
,,,,,0.0058801
,,,,,0.01637
,,,,,0.027213
,,,,,0.030319
,,,,,0.031156
,,,,,0.029470999999999997
,,,,,0.022781
,,,,,0.022955
,,,,,0.02468
,,,,,0.031125999999999997
,,,,,0.038912999999999996
,,,,,0.044237
,,,,,0.045501
,,,,,0.043406
,,,,,0.038789
,,,,,0.034693
,,,,,0.034395
,,,,,0.046225
,,,,,0.059774
,,,,,0.061051
,,,,,0.057146
,,,,,0.05307100000000001
,,,,,0.043172
,,,,,0.027874
,,,,,0.017852
,,,,,0.018935
,,,,,0.021928
,,,,,0.022444
,,,,,0.020866
,,,,,0.019855
,,,,,0.018713999999999998
,,,,,0.018775
,,,,,0.018432
,,,,,0.018147
,,,,,0.01602
,,,,,0.014218000000000001
,,,,,0.014077000000000001
,,,,,0.014568000000000001
,,,,,0.015619
,,,,,0.016003
,,,,,0.01434
,,,,,0.011712
,,,,,0.022405
,,,,,0.033375999999999996
,,,,,0.043713
,,,,,0.051314
,,,,,0.060113
,,,,,0.06347699999999999
,,,,,0.063609
,,,,,0.051895000000000004
,,,,,0.04615
,,,,,0.043518
,,,,,0.05887100000000001
,,,,,0.05296
,,,,,0.051564
,,,,,0.05309
,,,,,0.050934
,,,,,0.045170999999999996
,,,,,0.038043
,,,,,0.029622000000000002
,,,,,0.026027999999999996
,,,,,0.025103999999999998
,,,,,0.035597000000000004
,,,,,0.036161
,,,,,0.031286
,,,,,0.022835
,,,,,0.019326
,,,,,0.015625
,,,,,0.022165999999999998
,,,,,0.028641000000000003
,,,,,0.042311
,,,,,0.056648000000000004
,,,,,0.051979
,,,,,0.035134
,,,,,0.025852999999999998
,,,,,0.02145
,,,,,0.021955000000000002
,,,,,0.029575999999999998
,,,,,0.035301
,,,,,0.033111
,,,,,0.025923
,,,,,0.022022999999999997
,,,,,0.029276
,,,,,0.037834
,,,,,0.046439999999999995
,,,,,0.058058000000000005
,,,,,0.063644
,,,,,0.061917999999999994
,,,,,0.05670599999999999
,,,,,0.049352
,,,,,0.037764
,,,,,0.025875
,,,,,0.014563999999999999
,,,,,0.007742199999999999
,,,,,0.012288
,,,,,0.015734
,,,,,0.017624
,,,,,0.016197
,,,,,0.010367
,,,,,0.010941
,,,,,0.026989999999999997
,,,,,0.045658
,,,,,0.06054400000000001
,,,,,0.068436
,,,,,0.071327
,,,,,0.070783
,,,,,0.061282
,,,,,0.044766
,,,,,0.028937
,,,,,0.01896
,,,,,0.018455000000000003
,,,,,0.020538
,,,,,0.022423
,,,,,0.020944
,,,,,0.018044
,,,,,0.009674700000000001
,,,,,0.010149
,,,,,0.011222
,,,,,0.011641
,,,,,0.011141
,,,,,0.011438
,,,,,0.012277
,,,,,0.014750999999999998
,,,,,0.016661000000000002
,,,,,0.017043
,,,,,0.016236
,,,,,0.015324
,,,,,0.015661
,,,,,0.026206
,,,,,0.027405000000000002
,,,,,0.028239
,,,,,0.025629000000000002
,,,,,0.023066999999999997
,,,,,0.020405
,,,,,0.026538
,,,,,0.041432
,,,,,0.05765
,,,,,0.07069500000000001
,,,,,0.078514
,,,,,0.08064299999999999
,,,,,0.075763
,,,,,0.06318700000000001
,,,,,0.04767
,,,,,0.032273
,,,,,0.020529
,,,,,0.017844
,,,,,0.023332
,,,,,0.031179000000000002
,,,,,0.043949
,,,,,0.058471
,,,,,0.079372
,,,,,0.1065
,,,,,0.13882
,,,,,0.17405
,,,,,0.21039000000000002
,,,,,0.24547
,,,,,0.27435
,,,,,0.29207
,,,,,0.29643
,,,,,0.28454
,,,,,0.25632
,,,,,0.21348000000000003
,,,,,0.1617
,,,,,0.11049
,,,,,0.06452100000000001
,,,,,0.029706
,,,,,0.013576
,,,,,0.018352
,,,,,0.0
,,,,,0.0
,,,,,0.0
,,,,,0.0
,,,,,0.0
,,,,,0.0
,,,,,0.0
,,,,,0.0
,,,,,0.0
,,,,,0.0
,,,,,0.0
,,,,,0.0
,,,,,0.0
,,,,,0.0
,,,,,0.0
,,,,,0.0
,,,,,0.0
,,,,,0.0
,,,,,0.0
,,,,,0.0
,,,,,0.0
,,,,,0.0
,,,,,0.0
,,,,,0.0
,,,,,0.0
,,,,,0.0
,,,,,0.0
,,,,,0.0
,,,,,0.0
,,,,,0.0
,,,,,0.0
,,,,,0.0
,,,,,0.0
,,,,,0.0
,,,,,0.0
,,,,,0.0
,,,,,0.0
,,,,,0.0
,,,,,0.0
,,,,,0.0
,,,,,0.0
,,,,,0.0
,,,,,0.0
,,,,,0.0
,,,,,0.0
,,,,,0.0
,,,,,0.0
,,,,,0.0
,,,,,0.0
,,,,,0.0
,,,,,0.0
,,,,,0.0
,,,,,0.0
,,,,,0.0
,,,,,0.0
,,,,,0.0
,,,,,0.0
,,,,,0.0
,,,,,0.0
,,,,,0.0
,,,,,0.0
,,,,,0.0
,,,,,0.0
,,,,,0.0
,,,,,0.0
,,,,,0.0
,,,,,0.0
,,,,,0.0
,,,,,0.0
,,,,,0.0
,,,,,0.0
,,,,,0.0
,,,,,0.0
,,,,,0.0
,,,,,0.0
,,,,,0.0
,,,,,0.0
,,,,,0.0
,,,,,0.0
,,,,,0.0
,,,,,0.0
,,,,,0.0
,,,,,0.0
,,,,,0.0
,,,,,0.0
,,,,,0.0
,,,,,0.0
,,,,,0.0
,,,,,0.0
,,,,,0.0
,,,,,0.0
,,,,,0.0
,,,,,0.0
,,,,,0.0
,,,,,0.0
,,,,,0.0
,,,,,0.0
,,,,,0.0
,,,,,0.0
,,,,,0.0
,,,,,0.0
,,,,,0.0
,,,,,0.0
,,,,,0.0
,,,,,0.0
,,,,,0.0
,,,,,0.0
,,,,,0.0
,,,,,0.0
,,,,,0.0
,,,,,0.0
,,,,,0.0
,,,,,0.0
,,,,,0.0
,,,,,0.0
,,,,,0.0
,,,,,0.0
,,,,,0.0
,,,,,0.0
,,,,,0.0
,,,,,0.0
,,,,,0.0
,,,,,0.0
,,,,,0.0
,,,,,0.0
,,,,,0.0
,,,,,0.0
,,,,,0.0
,,,,,0.0
,,,,,0.0
,,,,,0.0
,,,,,0.0
,,,,,0.0
,,,,,0.0
,,,,,0.0
,,,,,0.0
,,,,,0.0
,,,,,0.0
,,,,,0.0
,,,,,0.0
,,,,,0.0
,,,,,0.0
,,,,,0.0
,,,,,0.0
,,,,,0.0
,,,,,0.0
,,,,,0.0
,,,,,0.0
,,,,,0.0
,,,,,0.0
,,,,,0.0
,,,,,0.0
,,,,,0.0
,,,,,0.0
,,,,,0.0
,,,,,0.0
,,,,,0.0
,,,,,0.0
,,,,,0.0
,,,,,0.0
,,,,,0.0
,,,,,0.0
,,,,,0.0
,,,,,0.0
,,,,,0.0
,,,,,0.0
,,,,,0.0
,,,,,0.0
,,,,,0.0
,,,,,0.0
,,,,,0.0
,,,,,0.0
,,,,,0.0
,,,,,0.0
,,,,,0.0
,,,,,0.0
,,,,,0.0
,,,,,0.0
,,,,,0.0
,,,,,0.0
,,,,,0.0
,,,,,0.0
,,,,,0.0
,,,,,0.0
,,,,,0.0
,,,,,0.0
,,,,,0.0
,,,,,0.0
,,,,,0.0
,,,,,0.0
,,,,,0.0
,,,,,0.0
,,,,,0.0
,,,,,0.0
,,,,,0.0
,,,,,0.0
,,,,,0.0
,,,,,0.0
,,,,,0.0
,,,,,0.0
,,,,,0.0
,,,,,0.0
,,,,,0.0
,,,,,0.0
,,,,,0.0
,,,,,0.0
,,,,,0.0
,,,,,0.0
,,,,,0.0
,,,,,0.0
,,,,,0.0
,,,,,0.0
,,,,,0.0
,,,,,0.0
,,,,,0.0
,,,,,0.0
,,,,,0.0
,,,,,0.0
,,,,,0.0
,,,,,0.0
,,,,,0.0
,,,,,0.0
,,,,,0.0
,,,,,0.0
,,,,,0.0
,,,,,0.0
,,,,,0.0
,,,,,0.0
,,,,,0.0
,,,,,0.0
,,,,,0.0
,,,,,0.0
,,,,,0.0
,,,,,0.0
,,,,,0.0
,,,,,0.0
,,,,,0.0
,,,,,0.0
,,,,,0.0
,,,,,0.0
,,,,,0.0
,,,,,0.0
,,,,,0.0
,,,,,0.0
,,,,,0.0
,,,,,0.0
,,,,,0.0
,,,,,0.0
,,,,,0.0
,,,,,0.0
,,,,,0.0
,,,,,0.0
,,,,,0.0
,,,,,0.0
,,,,,0.0
,,,,,0.0
,,,,,0.0
,,,,,0.0
,,,,,0.0
