6.0,2019-08-16 12:25:02.949,-0.0745697021484375,0.0160064697265625,-0.9975738525390624,0.08778999999999999
6.0,2019-08-16 12:25:03.049,-0.0803680419921875,0.0139312744140625,-0.9987030029296876,0.099688
6.0,2019-08-16 12:25:03.148,-0.0752716064453125,0.00408935546875,-0.988128662109375,0.092429
6.0,2019-08-16 12:25:03.248,-0.0784454345703125,0.0102996826171875,-1.0023345947265625,0.09038500000000001
6.0,2019-08-16 12:25:03.348,-0.070037841796875,0.0026397705078125,-0.998565673828125,0.08640700000000001
6.0,2019-08-16 12:25:03.448,-0.07647705078125,0.0043792724609375,-0.9975738525390624,0.071357
6.0,2019-08-16 12:25:03.547,-0.078521728515625,0.0121612548828125,-0.9966888427734376,0.071784
6.0,2019-08-16 12:25:03.647,-0.0810089111328125,-0.0040435791015625,-0.9984130859375,0.048204000000000004
6.0,2019-08-16 12:25:03.747,-0.0771636962890625,0.010345458984375,-0.9931640625,0.055611
6.0,2019-08-16 12:25:03.847,-0.075836181640625,-0.0063629150390625,-0.9966583251953124,0.027658999999999996
6.0,2019-08-16 12:25:03.947,-0.0813446044921875,0.009185791015625,-0.9905548095703124,0.044707
6.0,2019-08-16 12:25:04.047,-0.0755157470703125,0.00103759765625,-0.990997314453125,0.041707999999999995
6.0,2019-08-16 12:25:04.147,-0.0811920166015625,0.00592041015625,-0.9946136474609376,0.043992
6.0,2019-08-16 12:25:04.247,-0.0858154296875,0.0008697509765625,-0.9921112060546876,0.04529
6.0,2019-08-16 12:25:04.347,-0.09283447265625,-0.014007568359375,-0.993988037109375,0.038723
6.0,2019-08-16 12:25:04.446,-0.1118011474609375,-0.0089111328125,-1.0045928955078125,0.052295
6.0,2019-08-16 12:25:04.546,-0.113983154296875,-0.0068511962890625,-0.9965972900390624,0.066416
6.0,2019-08-16 12:25:04.646,-0.1029510498046875,-0.0070343017578125,-1.0068511962890625,0.060186
6.0,2019-08-16 12:25:04.745,-0.0648193359375,0.0189361572265625,-0.9959564208984376,0.095777
6.0,2019-08-16 12:25:04.846,-0.0359344482421875,0.0750885009765625,-1.006622314453125,0.063724
6.0,2019-08-16 12:25:04.945,-0.072357177734375,0.0258941650390625,-0.9930877685546876,0.11595
6.0,2019-08-16 12:25:05.045,-0.096527099609375,0.0139312744140625,-0.99005126953125,0.056733000000000006
6.0,2019-08-16 12:25:05.145,-0.1009521484375,-0.01251220703125,-0.9873809814453124,0.1163
6.0,2019-08-16 12:25:05.245,-0.113189697265625,-0.0142669677734375,-1.012725830078125,0.038646
6.0,2019-08-16 12:25:05.344,-0.07440185546875,-0.0183868408203125,-0.99090576171875,0.10052
6.0,2019-08-16 12:25:05.444,-0.0712127685546875,-0.05255126953125,-0.9754791259765624,0.017619
6.0,2019-08-16 12:25:05.544,-0.1082305908203125,-0.03875732421875,-0.999755859375,0.073477
6.0,2019-08-16 12:25:05.644,-0.1104888916015625,-0.0658111572265625,-1.0034027099609375,0.020763999999999998
6.0,2019-08-16 12:25:05.744,-0.1527557373046875,0.0047760009765625,-1.0198211669921875,0.0487
6.0,2019-08-16 12:25:05.843,-0.1247711181640625,-0.01446533203125,-0.9889984130859376,0.032148
6.0,2019-08-16 12:25:05.943,-0.079315185546875,0.023590087890625,-0.9820098876953124,0.039154
6.0,2019-08-16 12:25:06.043,-0.0524444580078125,0.0309906005859375,-0.9942169189453124,0.034765
6.0,2019-08-16 12:25:06.143,-0.0612945556640625,0.02239990234375,-1.019989013671875,0.041192
6.0,2019-08-16 12:25:06.243,-0.088958740234375,0.0411376953125,-0.998626708984375,0.035588
6.0,2019-08-16 12:25:06.343,-0.0826263427734375,-0.0254364013671875,-0.984527587890625,0.045844
6.0,2019-08-16 12:25:06.442,-0.0922088623046875,-0.0100250244140625,-0.997222900390625,0.056869
6.0,2019-08-16 12:25:06.543,-0.1072235107421875,-0.022491455078125,-1.0005950927734375,0.05160700000000001
6.0,2019-08-16 12:25:06.642,-0.1085052490234375,0.0027923583984375,-0.995452880859375,0.087769
6.0,2019-08-16 12:25:06.743,-0.121429443359375,-0.00482177734375,-0.9949188232421876,0.057963
6.0,2019-08-16 12:25:06.842,-0.124755859375,0.011688232421875,-0.9984283447265624,0.11192
6.0,2019-08-16 12:25:06.942,-0.1167144775390625,0.0027313232421875,-0.99835205078125,0.057374
6.0,2019-08-16 12:25:07.042,-0.1036224365234375,-0.0113067626953125,-1.0035247802734375,0.1207
6.0,2019-08-16 12:25:07.142,-0.0868988037109375,0.0030670166015625,-0.99560546875,0.046961
6.0,2019-08-16 12:25:07.241,-0.0762939453125,-0.0054473876953125,-0.9892578125,0.1114
6.0,2019-08-16 12:25:07.341,-0.0810394287109375,-0.0096588134765625,-0.98907470703125,0.029653
6.0,2019-08-16 12:25:07.441,-0.0818939208984375,-0.0014801025390625,-0.997467041015625,0.089038
6.0,2019-08-16 12:25:07.541,-0.0787353515625,-0.0047760009765625,-0.9959869384765624,0.022791
6.0,2019-08-16 12:25:07.641,-0.0830078125,-0.003570556640625,-0.9983062744140624,0.061577999999999994
6.0,2019-08-16 12:25:07.740,-0.0816497802734375,-0.0025482177734375,-1.0015106201171875,0.03073
6.0,2019-08-16 12:25:07.840,-0.072998046875,-0.00445556640625,-0.99212646484375,0.043293
6.0,2019-08-16 12:25:07.940,-0.0746612548828125,-0.0080718994140625,-0.99432373046875,0.037344999999999996
6.0,2019-08-16 12:25:08.040,-0.0708160400390625,-0.0058441162109375,-0.99853515625,0.027139999999999997
6.0,2019-08-16 12:25:08.140,-0.072723388671875,0.0022735595703125,-0.9969024658203124,0.036075
6.0,2019-08-16 12:25:08.240,-0.073211669921875,-0.003021240234375,-1.000274658203125,0.023825
6.0,2019-08-16 12:25:08.339,-0.07354736328125,-0.00067138671875,-0.998687744140625,0.037852
,,,,,0.022199
,,,,,0.038848
,,,,,0.021339
,,,,,0.037239999999999995
,,,,,0.022024000000000002
,,,,,0.036113
,,,,,0.022356
,,,,,0.033551
,,,,,0.023163999999999997
,,,,,0.031881
,,,,,0.023969999999999998
,,,,,0.031824
,,,,,0.026355
,,,,,0.033556
,,,,,0.028655
,,,,,0.036475
,,,,,0.028956
,,,,,0.037587999999999996
,,,,,0.02554
,,,,,0.039055
,,,,,0.02333
,,,,,0.036664999999999996
,,,,,0.022347
,,,,,0.031643
,,,,,0.024314
,,,,,0.028123000000000002
,,,,,0.029265
,,,,,0.026591000000000004
,,,,,0.030310000000000004
,,,,,0.02752
,,,,,0.02707
,,,,,0.032612
,,,,,0.025109
,,,,,0.038029
,,,,,0.0271
,,,,,0.039529
,,,,,0.037585
,,,,,0.04199
,,,,,0.03524
,,,,,0.042858999999999994
,,,,,0.035989
,,,,,0.068614
,,,,,0.05131
,,,,,0.095808
,,,,,0.070903
,,,,,0.11515999999999998
,,,,,0.079304
,,,,,0.126
,,,,,0.07172200000000001
,,,,,0.11800999999999999
,,,,,0.05363
,,,,,0.09981
,,,,,0.027989
,,,,,0.077007
,,,,,0.006960899999999999
,,,,,0.055457000000000006
,,,,,0.022986000000000003
,,,,,0.047191000000000004
,,,,,0.034119
,,,,,0.030525
,,,,,0.033007999999999996
,,,,,0.025639
,,,,,0.030059
,,,,,0.026575
,,,,,0.029265
,,,,,0.031856999999999996
,,,,,0.030561
,,,,,0.039067000000000005
,,,,,0.032104
,,,,,0.038299
,,,,,0.031459
,,,,,0.036879
,,,,,0.032189999999999996
,,,,,0.035264
,,,,,0.032201
,,,,,0.035156
,,,,,0.030997000000000004
,,,,,0.038024
,,,,,0.030997000000000004
,,,,,0.041444
,,,,,0.0301
,,,,,0.038487
,,,,,0.032148
,,,,,0.032665
,,,,,0.036601
,,,,,0.027630000000000002
,,,,,0.042791
,,,,,0.027402999999999997
,,,,,0.041922
,,,,,0.025216
,,,,,0.040458999999999995
,,,,,0.032826999999999995
,,,,,0.040437
,,,,,0.031973
,,,,,0.034537
,,,,,0.027575
,,,,,0.03909
,,,,,0.024922
,,,,,0.045335
,,,,,0.020683
,,,,,0.047318
,,,,,0.022991
,,,,,0.045324
,,,,,0.030573000000000003
,,,,,0.038186000000000005
,,,,,0.035769999999999996
,,,,,0.031177
,,,,,0.037398
,,,,,0.023211000000000002
,,,,,0.032648
,,,,,0.025391999999999998
,,,,,0.035822
,,,,,0.028033999999999996
,,,,,0.031089
,,,,,0.022917
,,,,,0.029375
,,,,,0.023533000000000002
,,,,,0.032060000000000005
,,,,,0.023423
,,,,,0.032555
,,,,,0.022563
,,,,,0.031337000000000004
,,,,,0.022550999999999998
,,,,,0.029427999999999996
,,,,,0.02715
,,,,,0.029044
,,,,,0.031457
,,,,,0.027424
,,,,,0.034061
,,,,,0.026639
,,,,,0.035608
,,,,,0.028367000000000003
,,,,,0.035375
,,,,,0.028133
,,,,,0.030112
,,,,,0.026864999999999997
,,,,,0.026202
,,,,,0.039587
,,,,,0.015597999999999999
,,,,,0.048288
,,,,,0.0069854
,,,,,0.06806
,,,,,0.028102
,,,,,0.0901
,,,,,0.046174
,,,,,0.10845999999999999
,,,,,0.05665599999999999
,,,,,0.11469000000000001
,,,,,0.058611
,,,,,0.1057
,,,,,0.052784000000000005
,,,,,0.086698
,,,,,0.039721
,,,,,0.064718
,,,,,0.028364999999999998
,,,,,0.046369
,,,,,0.027181
,,,,,0.043451
,,,,,0.029067000000000003
,,,,,0.042719
,,,,,0.033673
,,,,,0.041239
,,,,,0.056198000000000005
,,,,,0.043519999999999996
,,,,,0.09287999999999999
,,,,,0.055656
,,,,,0.12615
,,,,,0.06678400000000001
,,,,,0.14384
,,,,,0.069757
,,,,,0.13976
,,,,,0.060364
,,,,,0.11650999999999999
,,,,,0.047013
,,,,,0.082402
,,,,,0.040095
,,,,,0.052065999999999994
,,,,,0.039483
,,,,,0.03889
,,,,,0.042095999999999995
,,,,,0.034552
,,,,,0.048619
,,,,,0.028451999999999998
,,,,,0.069883
,,,,,0.028845
,,,,,0.095226
,,,,,0.040445999999999996
,,,,,0.11445999999999999
,,,,,0.0507
,,,,,0.11744
,,,,,0.053752999999999995
,,,,,0.10557000000000001
,,,,,0.047664
,,,,,0.081228
,,,,,0.038467
,,,,,0.056346
,,,,,0.034254
,,,,,0.041455
,,,,,0.033002
,,,,,0.033236
,,,,,0.026418
,,,,,0.03036
,,,,,0.028007999999999998
,,,,,0.028310000000000002
,,,,,0.028323
,,,,,0.028758
,,,,,0.029681
,,,,,0.030325
,,,,,0.028288999999999998
,,,,,0.032951999999999995
,,,,,0.025873
,,,,,0.035466000000000004
,,,,,0.022640999999999998
,,,,,0.038488
,,,,,0.021605000000000003
,,,,,0.040701
,,,,,0.021261000000000002
,,,,,0.055465999999999994
,,,,,0.023484
,,,,,0.06287899999999999
,,,,,0.040838
,,,,,0.076904
,,,,,0.074702
,,,,,0.088814
,,,,,0.10572000000000001
,,,,,0.093873
,,,,,0.12653
,,,,,0.083595
,,,,,0.12867
,,,,,0.058684
,,,,,0.11314
,,,,,0.024429
,,,,,0.085613
,,,,,0.006852600000000001
,,,,,0.060261
,,,,,0.026239
,,,,,0.049578
,,,,,0.04242
,,,,,0.047249
,,,,,0.041706
,,,,,0.043723000000000005
,,,,,0.045987
,,,,,0.044417
,,,,,0.049612
,,,,,0.041899
,,,,,0.048499
,,,,,0.041461000000000005
,,,,,0.046514
,,,,,0.002355
,,,,,0.063431
,,,,,0.045131
,,,,,0.11637
,,,,,0.12029000000000001
,,,,,0.18281
,,,,,0.2015
,,,,,0.23626
,,,,,0.25763
,,,,,0.2557
,,,,,0.27026999999999995
,,,,,0.22944
,,,,,0.23535999999999999
,,,,,0.16577
,,,,,0.16944
,,,,,0.08906
,,,,,0.096206
,,,,,0.027491
,,,,,0.047493
,,,,,0.0081394
,,,,,0.0
,,,,,0.0
,,,,,0.0
,,,,,0.0
,,,,,0.0
,,,,,0.0
,,,,,0.0
,,,,,0.0
,,,,,0.0
,,,,,0.0
,,,,,0.0
,,,,,0.0
,,,,,0.0
,,,,,0.0
,,,,,0.0
,,,,,0.0
,,,,,0.0
,,,,,0.0
,,,,,0.0
,,,,,0.0
,,,,,0.0
,,,,,0.0
,,,,,0.0
,,,,,0.0
,,,,,0.0
,,,,,0.0
,,,,,0.0
,,,,,0.0
,,,,,0.0
,,,,,0.0
,,,,,0.0
,,,,,0.0
,,,,,0.0
,,,,,0.0
,,,,,0.0
,,,,,0.0
,,,,,0.0
,,,,,0.0
,,,,,0.0
,,,,,0.0
,,,,,0.0
,,,,,0.0
,,,,,0.0
,,,,,0.0
,,,,,0.0
,,,,,0.0
,,,,,0.0
,,,,,0.0
,,,,,0.0
,,,,,0.0
,,,,,0.0
,,,,,0.0
,,,,,0.0
,,,,,0.0
,,,,,0.0
,,,,,0.0
,,,,,0.0
,,,,,0.0
,,,,,0.0
,,,,,0.0
,,,,,0.0
,,,,,0.0
,,,,,0.0
,,,,,0.0
,,,,,0.0
,,,,,0.0
,,,,,0.0
,,,,,0.0
,,,,,0.0
,,,,,0.0
,,,,,0.0
,,,,,0.0
,,,,,0.0
,,,,,0.0
,,,,,0.0
,,,,,0.0
,,,,,0.0
,,,,,0.0
,,,,,0.0
,,,,,0.0
,,,,,0.0
,,,,,0.0
,,,,,0.0
,,,,,0.0
,,,,,0.0
,,,,,0.0
,,,,,0.0
,,,,,0.0
,,,,,0.0
,,,,,0.0
,,,,,0.0
,,,,,0.0
,,,,,0.0
,,,,,0.0
,,,,,0.0
,,,,,0.0
,,,,,0.0
,,,,,0.0
,,,,,0.0
,,,,,0.0
,,,,,0.0
,,,,,0.0
,,,,,0.0
,,,,,0.0
,,,,,0.0
,,,,,0.0
,,,,,0.0
,,,,,0.0
,,,,,0.0
,,,,,0.0
,,,,,0.0
,,,,,0.0
,,,,,0.0
,,,,,0.0
,,,,,0.0
,,,,,0.0
,,,,,0.0
,,,,,0.0
,,,,,0.0
,,,,,0.0
,,,,,0.0
,,,,,0.0
,,,,,0.0
,,,,,0.0
,,,,,0.0
,,,,,0.0
,,,,,0.0
,,,,,0.0
,,,,,0.0
,,,,,0.0
,,,,,0.0
,,,,,0.0
,,,,,0.0
,,,,,0.0
,,,,,0.0
,,,,,0.0
,,,,,0.0
,,,,,0.0
,,,,,0.0
,,,,,0.0
,,,,,0.0
,,,,,0.0
,,,,,0.0
,,,,,0.0
,,,,,0.0
,,,,,0.0
,,,,,0.0
,,,,,0.0
,,,,,0.0
,,,,,0.0
,,,,,0.0
,,,,,0.0
,,,,,0.0
,,,,,0.0
,,,,,0.0
,,,,,0.0
,,,,,0.0
,,,,,0.0
,,,,,0.0
,,,,,0.0
,,,,,0.0
,,,,,0.0
,,,,,0.0
,,,,,0.0
,,,,,0.0
,,,,,0.0
,,,,,0.0
,,,,,0.0
,,,,,0.0
,,,,,0.0
,,,,,0.0
,,,,,0.0
,,,,,0.0
,,,,,0.0
,,,,,0.0
,,,,,0.0
,,,,,0.0
,,,,,0.0
,,,,,0.0
,,,,,0.0
,,,,,0.0
,,,,,0.0
,,,,,0.0
,,,,,0.0
,,,,,0.0
,,,,,0.0
,,,,,0.0
,,,,,0.0
,,,,,0.0
,,,,,0.0
,,,,,0.0
,,,,,0.0
,,,,,0.0
,,,,,0.0
,,,,,0.0
,,,,,0.0
,,,,,0.0
,,,,,0.0
,,,,,0.0
,,,,,0.0
,,,,,0.0
,,,,,0.0
,,,,,0.0
,,,,,0.0
,,,,,0.0
,,,,,0.0
,,,,,0.0
,,,,,0.0
,,,,,0.0
,,,,,0.0
,,,,,0.0
,,,,,0.0
,,,,,0.0
,,,,,0.0
,,,,,0.0
,,,,,0.0
,,,,,0.0
,,,,,0.0
,,,,,0.0
,,,,,0.0
,,,,,0.0
,,,,,0.0
,,,,,0.0
,,,,,0.0
,,,,,0.0
,,,,,0.0
,,,,,0.0
,,,,,0.0
,,,,,0.0
,,,,,0.0
,,,,,0.0
,,,,,0.0
,,,,,0.0
,,,,,0.0
,,,,,0.0
,,,,,0.0
,,,,,0.0
,,,,,0.0
,,,,,0.0
,,,,,0.0
,,,,,0.0
,,,,,0.0
,,,,,0.0
,,,,,0.0
,,,,,0.0
,,,,,0.0
,,,,,0.21624000000000002
,,,,,0.19305999999999998
,,,,,0.19455999999999998
,,,,,0.21441999999999997
,,,,,0.18500999999999998
,,,,,0.13452999999999998
,,,,,0.13019
,,,,,0.11957999999999999
,,,,,0.069226
,,,,,0.029296
,,,,,0.040397
,,,,,0.037593
,,,,,0.040864
,,,,,0.042219
,,,,,0.022542
,,,,,0.076431
,,,,,0.10929000000000001
,,,,,0.09018
,,,,,0.10282999999999999
,,,,,0.15232
,,,,,0.14347000000000001
,,,,,0.10753
,,,,,0.13510999999999998
,,,,,0.14022
,,,,,0.087396
,,,,,0.06948700000000001
,,,,,0.08893200000000001
,,,,,0.060435
,,,,,0.007245399999999999
,,,,,0.036954
,,,,,0.041386
,,,,,0.038413
,,,,,0.021338
,,,,,0.023497
,,,,,0.073854
,,,,,0.087418
,,,,,0.06938899999999999
,,,,,0.11489
,,,,,0.15565
,,,,,0.13498
,,,,,0.12927
,,,,,0.1661
,,,,,0.15252000000000002
,,,,,0.10312
,,,,,0.10855999999999999
,,,,,0.11145
,,,,,0.063933
,,,,,0.025503
,,,,,0.045901
,,,,,0.039282
,,,,,0.020511
,,,,,0.012206999999999999
,,,,,0.018668999999999998
,,,,,0.024266
,,,,,0.019586000000000003
,,,,,0.016999
,,,,,0.023381
,,,,,0.022337
,,,,,0.017986000000000002
,,,,,0.025602
,,,,,0.027377999999999996
,,,,,0.018302000000000002
,,,,,0.019446
,,,,,0.0247
,,,,,0.019888
,,,,,0.012121999999999999
,,,,,0.016687
,,,,,0.021278000000000002
,,,,,0.01846
,,,,,0.012745000000000001
,,,,,0.025177
,,,,,0.035185
,,,,,0.023928
,,,,,0.010306999999999998
,,,,,0.035031
,,,,,0.043472000000000004
,,,,,0.027951
,,,,,0.0091382
,,,,,0.040126
,,,,,0.054451
,,,,,0.041926
,,,,,0.047198000000000004
,,,,,0.076919
,,,,,0.073354
,,,,,0.046995999999999996
,,,,,0.0736
,,,,,0.088933
,,,,,0.054527
,,,,,0.030874000000000002
,,,,,0.064703
,,,,,0.057988
,,,,,0.010697
,,,,,0.048019
,,,,,0.068729
,,,,,0.060311000000000003
,,,,,0.06191900000000001
,,,,,0.12082999999999999
,,,,,0.14966
,,,,,0.14275
,,,,,0.18527000000000002
,,,,,0.23068000000000002
,,,,,0.21101999999999999
,,,,,0.20124
,,,,,0.23415999999999998
,,,,,0.22246999999999997
,,,,,0.17139000000000001
,,,,,0.15645
,,,,,0.1603
,,,,,0.11592999999999999
,,,,,0.06642100000000001
,,,,,0.07691
,,,,,0.072129
,,,,,0.025581
,,,,,0.036947
,,,,,0.043953
,,,,,0.019694
,,,,,0.015030000000000002
,,,,,0.031668
,,,,,0.03106
,,,,,0.010825
,,,,,0.019649
,,,,,0.035354000000000003
,,,,,0.026239
,,,,,0.018553999999999998
,,,,,0.026799
,,,,,0.024055
,,,,,0.016123
,,,,,0.01168
,,,,,0.019423
,,,,,0.022413
,,,,,0.010496
,,,,,0.011712
,,,,,0.02316
,,,,,0.020621
,,,,,0.0098792
,,,,,0.022587
,,,,,0.025144999999999997
,,,,,0.015325
,,,,,0.017422
,,,,,0.020663
,,,,,0.010779
,,,,,0.014254
,,,,,0.035925
,,,,,0.040381
,,,,,0.020432
,,,,,0.047536
,,,,,0.073861
,,,,,0.057995000000000005
,,,,,0.034637
,,,,,0.060504999999999996
,,,,,0.070399
,,,,,0.053074
,,,,,0.031783
,,,,,0.052095
,,,,,0.07738300000000001
,,,,,0.072017
,,,,,0.049811
,,,,,0.064522
,,,,,0.077623
,,,,,0.055220000000000005
,,,,,0.026304
,,,,,0.036382
,,,,,0.030719
,,,,,0.010216
,,,,,0.015879
,,,,,0.012003
,,,,,0.010065000000000001
,,,,,0.023913999999999998
,,,,,0.02337
,,,,,0.0087994
,,,,,0.0096428
,,,,,0.022180000000000002
,,,,,0.023609
,,,,,0.016173
,,,,,0.012131
,,,,,0.019777
,,,,,0.021122
,,,,,0.012662999999999999
,,,,,0.015134
,,,,,0.023428
,,,,,0.016775
,,,,,0.014036000000000002
,,,,,0.021611000000000002
,,,,,0.017561
,,,,,0.018065
,,,,,0.026764999999999997
,,,,,0.022323
,,,,,0.018383
,,,,,0.029827999999999997
,,,,,0.024626
,,,,,0.0070742
,,,,,0.020587
,,,,,0.025719
,,,,,0.028511
,,,,,0.028555
,,,,,0.028458999999999998
,,,,,0.071564
,,,,,0.10509
,,,,,0.10679000000000001
,,,,,0.12673
,,,,,0.1699
,,,,,0.17654
,,,,,0.15466
,,,,,0.17112
,,,,,0.17979
,,,,,0.14299
,,,,,0.1111
,,,,,0.11425999999999999
,,,,,0.09356
,,,,,0.043613
,,,,,0.03609
,,,,,0.045183999999999995
,,,,,0.039268
,,,,,0.015996
,,,,,0.018824
,,,,,0.052328999999999994
,,,,,0.056587
,,,,,0.036308
,,,,,0.082051
,,,,,0.13134
,,,,,0.12646
,,,,,0.12653
,,,,,0.17983
,,,,,0.19003
,,,,,0.15189
,,,,,0.15955
,,,,,0.1757
,,,,,0.12855
,,,,,0.085231
,,,,,0.098563
,,,,,0.074268
,,,,,0.015944999999999997
,,,,,0.030592
,,,,,0.034522000000000004
,,,,,0.031813
,,,,,0.035794
,,,,,0.0041482
,,,,,0.05149
,,,,,0.082637
,,,,,0.069082
,,,,,0.089128
,,,,,0.13688
,,,,,0.13127
,,,,,0.11322
,,,,,0.14482
,,,,,0.14585
,,,,,0.10305999999999998
,,,,,0.097825
,,,,,0.10636
,,,,,0.06798799999999999
,,,,,0.030957
,,,,,0.046858
,,,,,0.036268
,,,,,0.0079856
,,,,,0.016747
,,,,,0.016507
,,,,,0.011477
,,,,,0.016587
,,,,,0.020159
,,,,,0.010373
,,,,,0.01264
,,,,,0.025319
,,,,,0.021378
,,,,,0.00018777
,,,,,0.025012
,,,,,0.035197000000000006
,,,,,0.022016
,,,,,0.011361
,,,,,0.036317
,,,,,0.037169
,,,,,0.011787
,,,,,0.020058000000000003
,,,,,0.034796
,,,,,0.045409
,,,,,0.04573
,,,,,0.037655
,,,,,0.10205
,,,,,0.14146
,,,,,0.12762
,,,,,0.16193
,,,,,0.21411999999999998
,,,,,0.19685
,,,,,0.17040999999999998
,,,,,0.20046
,,,,,0.19132000000000002
,,,,,0.12774000000000002
,,,,,0.11107
,,,,,0.1151
,,,,,0.074701
,,,,,0.01626
,,,,,0.033394
,,,,,0.040399000000000004
,,,,,0.04047
,,,,,0.030752999999999996
,,,,,0.018923
,,,,,0.03337
,,,,,0.041632999999999996
,,,,,0.029383
,,,,,0.030912000000000002
,,,,,0.043932
,,,,,0.034806000000000004
,,,,,0.032921
,,,,,0.044884
,,,,,0.074865
,,,,,0.061533000000000004
,,,,,0.084812
,,,,,0.18886
,,,,,0.24289000000000002
,,,,,0.25584
,,,,,0.33616
,,,,,0.42001000000000005
,,,,,0.4153
,,,,,0.40337
,,,,,0.44611000000000006
,,,,,0.42373
,,,,,0.33225
,,,,,0.29619
,,,,,0.27469
,,,,,0.18036
,,,,,0.095092
,,,,,0.094324
,,,,,0.067337
,,,,,0.008140000000000001
,,,,,0.0
,,,,,0.0
,,,,,0.0
,,,,,0.0
,,,,,0.0
,,,,,0.0
,,,,,0.0
,,,,,0.0
,,,,,0.0
,,,,,0.0
,,,,,0.0
,,,,,0.0
,,,,,0.0
,,,,,0.0
,,,,,0.0
,,,,,0.0
,,,,,0.0
,,,,,0.0
,,,,,0.0
,,,,,0.0
,,,,,0.0
,,,,,0.0
,,,,,0.0
,,,,,0.0
,,,,,0.0
,,,,,0.0
,,,,,0.0
,,,,,0.0
,,,,,0.0
,,,,,0.0
,,,,,0.0
,,,,,0.0
,,,,,0.0
,,,,,0.0
,,,,,0.0
,,,,,0.0
,,,,,0.0
,,,,,0.0
,,,,,0.0
,,,,,0.0
,,,,,0.0
,,,,,0.0
,,,,,0.0
,,,,,0.0
,,,,,0.0
,,,,,0.0
,,,,,0.0
,,,,,0.0
,,,,,0.0
,,,,,0.0
,,,,,0.0
,,,,,0.0
,,,,,0.0
,,,,,0.0
,,,,,0.0
,,,,,0.0
,,,,,0.0
,,,,,0.0
,,,,,0.0
,,,,,0.0
,,,,,0.0
,,,,,0.0
,,,,,0.0
,,,,,0.0
,,,,,0.0
,,,,,0.0
,,,,,0.0
,,,,,0.0
,,,,,0.0
,,,,,0.0
,,,,,0.0
,,,,,0.0
,,,,,0.0
,,,,,0.0
,,,,,0.0
,,,,,0.0
,,,,,0.0
,,,,,0.0
,,,,,0.0
,,,,,0.0
,,,,,0.0
,,,,,0.0
,,,,,0.0
,,,,,0.0
,,,,,0.0
,,,,,0.0
,,,,,0.0
,,,,,0.0
,,,,,0.0
,,,,,0.0
,,,,,0.0
,,,,,0.0
,,,,,0.0
,,,,,0.0
,,,,,0.0
,,,,,0.0
,,,,,0.0
,,,,,0.0
,,,,,0.0
,,,,,0.0
,,,,,0.0
,,,,,0.0
,,,,,0.0
,,,,,0.0
,,,,,0.0
,,,,,0.0
,,,,,0.0
,,,,,0.0
,,,,,0.0
,,,,,0.0
,,,,,0.0
,,,,,0.0
,,,,,0.0
,,,,,0.0
,,,,,0.0
,,,,,0.0
,,,,,0.0
,,,,,0.0
,,,,,0.0
,,,,,0.0
,,,,,0.0
,,,,,0.0
,,,,,0.0
,,,,,0.0
,,,,,0.0
,,,,,0.0
,,,,,0.0
,,,,,0.0
,,,,,0.0
,,,,,0.0
,,,,,0.0
,,,,,0.0
,,,,,0.0
,,,,,0.0
,,,,,0.0
,,,,,0.0
,,,,,0.0
,,,,,0.0
,,,,,0.0
,,,,,0.0
,,,,,0.0
,,,,,0.0
,,,,,0.0
,,,,,0.0
,,,,,0.0
,,,,,0.0
,,,,,0.0
,,,,,0.0
,,,,,0.0
,,,,,0.0
,,,,,0.0
,,,,,0.0
,,,,,0.0
,,,,,0.0
,,,,,0.0
,,,,,0.0
,,,,,0.0
,,,,,0.0
,,,,,0.0
,,,,,0.0
,,,,,0.0
,,,,,0.0
,,,,,0.0
,,,,,0.0
,,,,,0.0
,,,,,0.0
,,,,,0.0
,,,,,0.0
,,,,,0.0
,,,,,0.0
,,,,,0.0
,,,,,0.0
,,,,,0.0
,,,,,0.0
,,,,,0.0
,,,,,0.0
,,,,,0.0
,,,,,0.0
,,,,,0.0
,,,,,0.0
,,,,,0.0
,,,,,0.0
,,,,,0.0
,,,,,0.0
,,,,,0.0
,,,,,0.0
,,,,,0.0
,,,,,0.0
,,,,,0.0
,,,,,0.0
,,,,,0.0
,,,,,0.0
,,,,,0.0
,,,,,0.0
,,,,,0.0
,,,,,0.0
,,,,,0.0
,,,,,0.0
,,,,,0.0
,,,,,0.0
,,,,,0.0
,,,,,0.0
,,,,,0.0
,,,,,0.0
,,,,,0.0
,,,,,0.0
,,,,,0.0
,,,,,0.0
,,,,,0.0
,,,,,0.0
,,,,,0.0
,,,,,0.0
,,,,,0.0
,,,,,0.0
,,,,,0.0
,,,,,0.0
,,,,,0.0
,,,,,0.0
,,,,,0.0
,,,,,0.0
,,,,,0.0
,,,,,0.0
,,,,,0.0
,,,,,0.0
,,,,,0.0
,,,,,0.0
,,,,,0.0
,,,,,0.0
,,,,,0.0
,,,,,0.0
,,,,,0.0
,,,,,0.0
,,,,,0.0
,,,,,0.0
,,,,,0.0
,,,,,0.0
,,,,,0.0
,,,,,0.0
,,,,,0.0
,,,,,0.0
,,,,,0.0
,,,,,0.0
,,,,,0.0
,,,,,0.0
,,,,,0.0
,,,,,0.0
,,,,,0.50259
,,,,,0.51776
,,,,,0.52413
,,,,,0.52161
,,,,,0.5029
,,,,,0.46247
,,,,,0.39766
,,,,,0.31281
,,,,,0.21858000000000002
,,,,,0.12945
,,,,,0.058615999999999994
,,,,,0.023974000000000002
,,,,,0.022412
,,,,,0.053737
,,,,,0.12239000000000001
,,,,,0.20803000000000002
,,,,,0.29855
,,,,,0.37968
,,,,,0.43853000000000003
,,,,,0.46608999999999995
,,,,,0.46025
,,,,,0.42607
,,,,,0.3735
,,,,,0.31703000000000003
,,,,,0.26705
,,,,,0.22782
,,,,,0.1941
,,,,,0.16019
,,,,,0.12646
,,,,,0.09903300000000001
,,,,,0.08157
,,,,,0.09198200000000001
,,,,,0.11800000000000001
,,,,,0.14932
,,,,,0.18295999999999998
,,,,,0.21675
,,,,,0.25333
,,,,,0.29971
,,,,,0.35435
,,,,,0.4112
,,,,,0.45615
,,,,,0.47856000000000004
,,,,,0.47028000000000003
,,,,,0.42983000000000005
,,,,,0.36291999999999996
,,,,,0.27928000000000003
,,,,,0.19138
,,,,,0.11432
,,,,,0.058454
,,,,,0.032697000000000004
,,,,,0.029883999999999997
,,,,,0.020958
,,,,,0.0032475
,,,,,0.015497
,,,,,0.035703
,,,,,0.054962000000000004
,,,,,0.071995
,,,,,0.085704
,,,,,0.09325599999999999
,,,,,0.09410700000000001
,,,,,0.088172
,,,,,0.076959
,,,,,0.063412
,,,,,0.053233
,,,,,0.048884
,,,,,0.053940999999999996
,,,,,0.071278
,,,,,0.10260999999999999
,,,,,0.1477
,,,,,0.20403
,,,,,0.26786
,,,,,0.33548
,,,,,0.40231999999999996
,,,,,0.46686000000000005
,,,,,0.5236
,,,,,0.56911
,,,,,0.6026
,,,,,0.6227199999999999
,,,,,0.62973
,,,,,0.6262
,,,,,0.61688
,,,,,0.60664
,,,,,0.6019399999999999
,,,,,0.60621
,,,,,0.623
,,,,,0.6482899999999999
,,,,,0.67584
,,,,,0.6952699999999999
,,,,,0.69614
,,,,,0.6719
,,,,,0.62346
,,,,,0.55708
,,,,,0.48766000000000004
,,,,,0.42937
,,,,,0.37466
,,,,,0.35236999999999996
,,,,,0.36644
,,,,,0.40434000000000003
,,,,,0.44695
,,,,,0.48318999999999995
,,,,,0.51646
,,,,,0.5493600000000001
,,,,,0.5804699999999999
,,,,,0.5977100000000001
,,,,,0.5950300000000001
,,,,,0.5716899999999999
,,,,,0.5242100000000001
,,,,,0.45611999999999997
,,,,,0.38059
,,,,,0.31513
,,,,,0.26302
,,,,,0.22313000000000002
,,,,,0.18855
,,,,,0.15165
,,,,,0.1315
,,,,,0.12255999999999999
,,,,,0.12150999999999999
,,,,,0.12336
,,,,,0.11785
,,,,,0.10182999999999999
,,,,,0.077266
,,,,,0.047165
,,,,,0.022448
,,,,,0.024386
,,,,,0.042492
,,,,,0.055073000000000004
,,,,,0.058487
,,,,,0.05374299999999999
,,,,,0.044314
,,,,,0.034947000000000006
,,,,,0.037246
,,,,,0.053315999999999995
,,,,,0.070575
,,,,,0.08432200000000001
,,,,,0.093196
,,,,,0.096481
,,,,,0.093512
,,,,,0.085124
,,,,,0.075222
,,,,,0.066196
,,,,,0.061159000000000005
,,,,,0.059559
,,,,,0.057944
,,,,,0.055191
,,,,,0.053267999999999996
,,,,,0.062220000000000004
,,,,,0.086686
,,,,,0.12459
,,,,,0.17629
,,,,,0.2444
,,,,,0.32138
,,,,,0.38976
,,,,,0.43168
,,,,,0.43261000000000005
,,,,,0.38874000000000003
,,,,,0.31496
,,,,,0.2539
,,,,,0.26654
,,,,,0.34301
,,,,,0.41928000000000004
,,,,,0.46063999999999994
,,,,,0.45638999999999996
,,,,,0.41166
,,,,,0.34407
,,,,,0.27412
,,,,,0.21869
,,,,,0.18115
,,,,,0.15124
,,,,,0.12222999999999999
,,,,,0.092691
,,,,,0.065964
,,,,,0.050599
,,,,,0.048115
,,,,,0.050227999999999995
,,,,,0.051503999999999994
,,,,,0.049574
,,,,,0.048994
,,,,,0.049623
,,,,,0.049056999999999996
,,,,,0.043607
,,,,,0.031936
,,,,,0.021736000000000002
,,,,,0.034656
,,,,,0.063404
,,,,,0.09779199999999999
,,,,,0.13346
,,,,,0.16552
,,,,,0.19318
,,,,,0.21918
,,,,,0.24366
,,,,,0.26677
,,,,,0.28826
,,,,,0.31781
,,,,,0.35483000000000003
,,,,,0.3929
,,,,,0.43781000000000003
,,,,,0.49188000000000004
,,,,,0.5405
,,,,,0.56414
,,,,,0.55405
,,,,,0.51553
,,,,,0.45943
,,,,,0.40391
,,,,,0.37325
,,,,,0.37606999999999996
,,,,,0.3881
,,,,,0.38533
,,,,,0.35923
,,,,,0.31049
,,,,,0.24744000000000002
,,,,,0.18165
,,,,,0.12326
,,,,,0.081871
,,,,,0.049698
,,,,,0.037857999999999996
,,,,,0.050036000000000004
,,,,,0.08305
,,,,,0.13889
,,,,,0.21356999999999998
,,,,,0.29774
,,,,,0.37727
,,,,,0.44138999999999995
,,,,,0.47916000000000003
,,,,,0.49022
,,,,,0.47943
,,,,,0.4562
,,,,,0.43013999999999997
,,,,,0.40381999999999996
,,,,,0.37346
,,,,,0.33268000000000003
,,,,,0.27902
,,,,,0.21618
,,,,,0.15165
,,,,,0.09262100000000001
,,,,,0.065605
,,,,,0.09143899999999999
,,,,,0.1328
,,,,,0.17438
,,,,,0.2116
,,,,,0.24504
,,,,,0.28093
,,,,,0.32449
,,,,,0.37315
,,,,,0.4152
,,,,,0.43878
,,,,,0.43403
,,,,,0.39851
,,,,,0.33663000000000004
,,,,,0.25577
,,,,,0.17095
,,,,,0.094082
,,,,,0.033755
,,,,,0.0075753
,,,,,0.028633
,,,,,0.032497000000000005
,,,,,0.028988999999999997
,,,,,0.03455
,,,,,0.051601999999999995
,,,,,0.074129
,,,,,0.095565
,,,,,0.11110999999999999
,,,,,0.11637
,,,,,0.11089
,,,,,0.099709
,,,,,0.095329
,,,,,0.10923
,,,,,0.1396
,,,,,0.17127
,,,,,0.19162
,,,,,0.19827
,,,,,0.19013
,,,,,0.16954
,,,,,0.14175
,,,,,0.1157
,,,,,0.11419000000000001
,,,,,0.16059
,,,,,0.23592
,,,,,0.30974
,,,,,0.3627
,,,,,0.38825
,,,,,0.38178
,,,,,0.34802
,,,,,0.29965
,,,,,0.25545999999999996
,,,,,0.23024
,,,,,0.21923
,,,,,0.20019
,,,,,0.16222999999999999
,,,,,0.10507000000000001
,,,,,0.036241
,,,,,0.043836
,,,,,0.099077
,,,,,0.1369
,,,,,0.15265
,,,,,0.14785
,,,,,0.12867
,,,,,0.10264000000000001
,,,,,0.07475599999999999
,,,,,0.045906
,,,,,0.018364
,,,,,0.0066411000000000005
,,,,,0.021344
,,,,,0.026508999999999998
,,,,,0.078985
,,,,,0.15242
,,,,,0.25344
,,,,,0.38689
,,,,,0.55124
,,,,,0.74074
,,,,,0.9406899999999999
,,,,,1.1254
,,,,,1.2666
,,,,,1.3430000000000002
,,,,,1.3418
,,,,,1.2622
,,,,,1.1145
,,,,,0.91933
,,,,,0.70533
,,,,,0.49812
,,,,,0.31809
,,,,,0.17833
,,,,,0.079301
,,,,,0.0081261
,,,,,0.0
,,,,,0.0
,,,,,0.0
,,,,,0.0
,,,,,0.0
,,,,,0.0
,,,,,0.0
,,,,,0.0
,,,,,0.0
,,,,,0.0
,,,,,0.0
,,,,,0.0
,,,,,0.0
,,,,,0.0
,,,,,0.0
,,,,,0.0
,,,,,0.0
,,,,,0.0
,,,,,0.0
,,,,,0.0
,,,,,0.0
,,,,,0.0
,,,,,0.0
,,,,,0.0
,,,,,0.0
,,,,,0.0
,,,,,0.0
,,,,,0.0
,,,,,0.0
,,,,,0.0
,,,,,0.0
,,,,,0.0
,,,,,0.0
,,,,,0.0
,,,,,0.0
,,,,,0.0
,,,,,0.0
,,,,,0.0
,,,,,0.0
,,,,,0.0
,,,,,0.0
,,,,,0.0
,,,,,0.0
,,,,,0.0
,,,,,0.0
,,,,,0.0
,,,,,0.0
,,,,,0.0
,,,,,0.0
,,,,,0.0
,,,,,0.0
,,,,,0.0
,,,,,0.0
,,,,,0.0
,,,,,0.0
,,,,,0.0
,,,,,0.0
,,,,,0.0
,,,,,0.0
,,,,,0.0
,,,,,0.0
,,,,,0.0
,,,,,0.0
,,,,,0.0
,,,,,0.0
,,,,,0.0
,,,,,0.0
,,,,,0.0
,,,,,0.0
,,,,,0.0
,,,,,0.0
,,,,,0.0
,,,,,0.0
,,,,,0.0
,,,,,0.0
,,,,,0.0
,,,,,0.0
,,,,,0.0
,,,,,0.0
,,,,,0.0
,,,,,0.0
,,,,,0.0
,,,,,0.0
,,,,,0.0
,,,,,0.0
,,,,,0.0
,,,,,0.0
,,,,,0.0
,,,,,0.0
,,,,,0.0
,,,,,0.0
,,,,,0.0
,,,,,0.0
,,,,,0.0
,,,,,0.0
,,,,,0.0
,,,,,0.0
,,,,,0.0
,,,,,0.0
,,,,,0.0
,,,,,0.0
,,,,,0.0
,,,,,0.0
,,,,,0.0
,,,,,0.0
,,,,,0.0
,,,,,0.0
,,,,,0.0
,,,,,0.0
,,,,,0.0
,,,,,0.0
,,,,,0.0
,,,,,0.0
,,,,,0.0
,,,,,0.0
,,,,,0.0
,,,,,0.0
,,,,,0.0
,,,,,0.0
,,,,,0.0
,,,,,0.0
,,,,,0.0
,,,,,0.0
,,,,,0.0
,,,,,0.0
,,,,,0.0
,,,,,0.0
,,,,,0.0
,,,,,0.0
,,,,,0.0
,,,,,0.0
,,,,,0.0
,,,,,0.0
,,,,,0.0
,,,,,0.0
,,,,,0.0
,,,,,0.0
,,,,,0.0
,,,,,0.0
,,,,,0.0
,,,,,0.0
,,,,,0.0
,,,,,0.0
,,,,,0.0
,,,,,0.0
,,,,,0.0
,,,,,0.0
,,,,,0.0
,,,,,0.0
,,,,,0.0
,,,,,0.0
,,,,,0.0
,,,,,0.0
,,,,,0.0
,,,,,0.0
,,,,,0.0
,,,,,0.0
,,,,,0.0
,,,,,0.0
,,,,,0.0
,,,,,0.0
,,,,,0.0
,,,,,0.0
,,,,,0.0
,,,,,0.0
,,,,,0.0
,,,,,0.0
,,,,,0.0
,,,,,0.0
,,,,,0.0
,,,,,0.0
,,,,,0.0
,,,,,0.0
,,,,,0.0
,,,,,0.0
,,,,,0.0
,,,,,0.0
,,,,,0.0
,,,,,0.0
,,,,,0.0
,,,,,0.0
,,,,,0.0
,,,,,0.0
,,,,,0.0
,,,,,0.0
,,,,,0.0
,,,,,0.0
,,,,,0.0
,,,,,0.0
,,,,,0.0
,,,,,0.0
,,,,,0.0
,,,,,0.0
,,,,,0.0
,,,,,0.0
,,,,,0.0
,,,,,0.0
,,,,,0.0
,,,,,0.0
,,,,,0.0
,,,,,0.0
,,,,,0.0
,,,,,0.0
,,,,,0.0
,,,,,0.0
,,,,,0.0
,,,,,0.0
,,,,,0.0
,,,,,0.0
,,,,,0.0
,,,,,0.0
,,,,,0.0
,,,,,0.0
,,,,,0.0
,,,,,0.0
,,,,,0.0
,,,,,0.0
,,,,,0.0
,,,,,0.0
,,,,,0.0
,,,,,0.0
,,,,,0.0
,,,,,0.0
,,,,,0.0
,,,,,0.0
,,,,,0.0
,,,,,0.0
,,,,,0.0
,,,,,0.0
,,,,,0.0
,,,,,0.0
,,,,,0.0
,,,,,0.0
,,,,,0.0
,,,,,0.0
,,,,,0.0
,,,,,0.0
,,,,,0.0
,,,,,0.0
,,,,,0.0
,,,,,0.0
,,,,,0.0
,,,,,0.0
,,,,,0.0
,,,,,0.0
,,,,,0.0
,,,,,1.3148
,,,,,1.4016
,,,,,1.3937
,,,,,1.291
,,,,,1.112
,,,,,0.8902700000000001
,,,,,0.68215
,,,,,0.56195
,,,,,0.5692
,,,,,0.64503
,,,,,0.71929
,,,,,0.75946
,,,,,0.7604
,,,,,0.7216
,,,,,0.64623
,,,,,0.5484100000000001
,,,,,0.47839
,,,,,0.52213
,,,,,0.6905899999999999
,,,,,0.9137799999999999
,,,,,1.1293
,,,,,1.2983
,,,,,1.4001
,,,,,1.4289
,,,,,1.3919
,,,,,1.3115
,,,,,1.2181
,,,,,1.1422
,,,,,1.1014
,,,,,1.0919
,,,,,1.0999
,,,,,1.1155
,,,,,1.1413
,,,,,1.1893
,,,,,1.2669
,,,,,1.3649
,,,,,1.4568
,,,,,1.5122
,,,,,1.5056
,,,,,1.4235
,,,,,1.2632
,,,,,1.0387
,,,,,0.78277
,,,,,0.55715
,,,,,0.47168999999999994
,,,,,0.57175
,,,,,0.7395
,,,,,0.8876700000000001
,,,,,0.9896799999999999
,,,,,1.0408
,,,,,1.0483
,,,,,1.0198
,,,,,0.96554
,,,,,0.8960899999999999
,,,,,0.82435
,,,,,0.7630399999999999
,,,,,0.7219300000000001
,,,,,0.7020000000000001
,,,,,0.6973199999999999
,,,,,0.6954899999999999
,,,,,0.68502
,,,,,0.6594
,,,,,0.61858
,,,,,0.5683199999999999
,,,,,0.51884
,,,,,0.48858
,,,,,0.49568999999999996
,,,,,0.54298
,,,,,0.61919
,,,,,0.70412
,,,,,0.7809
,,,,,0.8405
,,,,,0.8758600000000001
,,,,,0.88584
,,,,,0.8722700000000001
,,,,,0.8440799999999999
,,,,,0.81247
,,,,,0.7868
,,,,,0.77533
,,,,,0.77818
,,,,,0.79289
,,,,,0.8127
,,,,,0.8340000000000001
,,,,,0.85393
,,,,,0.8708799999999999
,,,,,0.88534
,,,,,0.89871
,,,,,0.9111100000000001
,,,,,0.9191799999999999
,,,,,0.91612
,,,,,0.89441
,,,,,0.8522700000000001
,,,,,0.7827
,,,,,0.6785399999999999
,,,,,0.5329699999999999
,,,,,0.38525
,,,,,0.3558
,,,,,0.53522
,,,,,0.8005
,,,,,1.0559
,,,,,1.2493
,,,,,1.3453
,,,,,1.3249
,,,,,1.182
,,,,,0.92466
,,,,,0.58362
,,,,,0.25535
,,,,,0.38668
,,,,,0.74841
,,,,,1.0595
,,,,,1.2674
,,,,,1.3512
,,,,,1.3137
,,,,,1.172
,,,,,0.94305
,,,,,0.6632399999999999
,,,,,0.39032
,,,,,0.31384
,,,,,0.54484
,,,,,0.8469399999999999
,,,,,1.131
,,,,,1.3629
,,,,,1.5127
,,,,,1.5532
,,,,,1.4651
,,,,,1.2415
,,,,,0.88745
,,,,,0.42965
,,,,,0.13773
,,,,,0.66528
,,,,,1.1862
,,,,,1.6349
,,,,,1.9747
,,,,,2.1886
,,,,,2.2712
,,,,,2.2318
,,,,,2.0936
,,,,,1.8875
,,,,,1.6468
,,,,,1.4067
,,,,,1.1977
,,,,,1.0457
,,,,,0.9582799999999999
,,,,,0.9228200000000001
,,,,,0.91722
,,,,,0.9234600000000001
,,,,,0.9366700000000001
,,,,,0.9578200000000001
,,,,,0.9859399999999999
,,,,,1.0149
,,,,,1.0393
,,,,,1.0543
,,,,,1.0578
,,,,,1.0504
,,,,,1.0336
,,,,,1.0104
,,,,,0.98413
,,,,,0.95934
,,,,,0.9373100000000001
,,,,,0.9184200000000001
,,,,,0.90266
,,,,,0.8900899999999999
,,,,,0.8817200000000001
,,,,,0.87072
,,,,,0.85241
,,,,,0.8225600000000001
,,,,,0.78728
,,,,,0.7539600000000001
,,,,,0.73128
,,,,,0.7297
,,,,,0.76003
,,,,,0.82326
,,,,,0.9118
,,,,,1.0096
,,,,,1.0951
,,,,,1.1498
,,,,,1.1561
,,,,,1.1064
,,,,,1.0015
,,,,,0.85288
,,,,,0.68272
,,,,,0.52396
,,,,,0.41475
,,,,,0.37640999999999997
,,,,,0.3951
,,,,,0.44206999999999996
,,,,,0.5096
,,,,,0.5976600000000001
,,,,,0.6983600000000001
,,,,,0.7923399999999999
,,,,,0.86244
,,,,,0.90128
,,,,,0.9081799999999999
,,,,,0.9131100000000001
,,,,,0.94505
,,,,,1.023
,,,,,1.139
,,,,,1.2696
,,,,,1.3825
,,,,,1.4472
,,,,,1.4413
,,,,,1.3543
,,,,,1.1846
,,,,,0.9426700000000001
,,,,,0.6532600000000001
,,,,,0.37146999999999997
,,,,,0.30082
,,,,,0.52369
,,,,,0.7800600000000001
,,,,,0.9854200000000001
,,,,,1.1202
,,,,,1.1859
,,,,,1.1964
,,,,,1.1802
,,,,,1.153
,,,,,1.1207
,,,,,1.0751
,,,,,1.0027
,,,,,0.90045
,,,,,0.7893899999999999
,,,,,0.72524
,,,,,0.7734300000000001
,,,,,0.9316
,,,,,1.1341
,,,,,1.3221
,,,,,1.4569999999999999
,,,,,1.5218
,,,,,1.5146
,,,,,1.4507
,,,,,1.3559999999999999
,,,,,1.2596
,,,,,1.1831
,,,,,1.1336
,,,,,1.1054
,,,,,1.0889
,,,,,1.0852
,,,,,1.1028
,,,,,1.1512
,,,,,1.2253
,,,,,1.3041
,,,,,1.3603
,,,,,1.3687
,,,,,1.3151
,,,,,1.1938
,,,,,1.0159
,,,,,0.80643
,,,,,0.60587
,,,,,0.4822
,,,,,0.49272
,,,,,0.59043
,,,,,0.69763
,,,,,0.7777
,,,,,0.82314
,,,,,0.84183
,,,,,0.8410700000000001
,,,,,0.8287399999999999
,,,,,0.81155
,,,,,0.79897
,,,,,0.79904
,,,,,0.81518
,,,,,0.847
,,,,,0.8825
,,,,,0.9085200000000001
,,,,,0.9137700000000001
,,,,,0.89528
,,,,,0.86126
,,,,,0.83136
,,,,,0.8282200000000001
,,,,,0.86231
,,,,,0.9194200000000001
,,,,,0.97554
,,,,,1.0074
,,,,,0.99725
,,,,,0.94479
,,,,,0.85621
,,,,,0.74876
,,,,,0.65277
,,,,,0.60948
,,,,,0.64076
,,,,,0.72683
,,,,,0.8390299999999999
,,,,,0.9621200000000001
,,,,,1.0972
,,,,,1.2501
,,,,,1.4214
,,,,,1.6011
,,,,,1.7704
,,,,,1.9069
,,,,,1.992
,,,,,2.0142
,,,,,1.9725
,,,,,1.8778
,,,,,1.7501
,,,,,1.6029
,,,,,1.4431
,,,,,1.2731
,,,,,1.0956
,,,,,0.92107
,,,,,0.77531
,,,,,0.69929
,,,,,0.71836
,,,,,0.80369
,,,,,0.90407
,,,,,1.0046
,,,,,1.1239
,,,,,1.2966
,,,,,1.5428
,,,,,1.8408
,,,,,2.1415
,,,,,2.3906
,,,,,2.5432
,,,,,2.5757
,,,,,2.4797
,,,,,2.2664
,,,,,1.9633
,,,,,1.6065
,,,,,1.2349
,,,,,0.8856700000000001
,,,,,0.58603
,,,,,0.35288
,,,,,0.18775999999999998
,,,,,0.080457
,,,,,0.0080979
,,,,,0.0
,,,,,0.0
,,,,,0.0
,,,,,0.0
,,,,,0.0
,,,,,0.0
,,,,,0.0
,,,,,0.0
,,,,,0.0
,,,,,0.0
,,,,,0.0
,,,,,0.0
,,,,,0.0
,,,,,0.0
,,,,,0.0
,,,,,0.0
,,,,,0.0
,,,,,0.0
,,,,,0.0
,,,,,0.0
,,,,,0.0
,,,,,0.0
,,,,,0.0
,,,,,0.0
,,,,,0.0
,,,,,0.0
,,,,,0.0
,,,,,0.0
,,,,,0.0
,,,,,0.0
,,,,,0.0
,,,,,0.0
,,,,,0.0
,,,,,0.0
,,,,,0.0
,,,,,0.0
,,,,,0.0
,,,,,0.0
,,,,,0.0
,,,,,0.0
,,,,,0.0
,,,,,0.0
,,,,,0.0
,,,,,0.0
,,,,,0.0
,,,,,0.0
,,,,,0.0
,,,,,0.0
,,,,,0.0
,,,,,0.0
,,,,,0.0
,,,,,0.0
,,,,,0.0
,,,,,0.0
,,,,,0.0
,,,,,0.0
,,,,,0.0
,,,,,0.0
,,,,,0.0
,,,,,0.0
,,,,,0.0
,,,,,0.0
,,,,,0.0
,,,,,0.0
,,,,,0.0
,,,,,0.0
,,,,,0.0
,,,,,0.0
,,,,,0.0
,,,,,0.0
,,,,,0.0
,,,,,0.0
,,,,,0.0
,,,,,0.0
,,,,,0.0
,,,,,0.0
,,,,,0.0
,,,,,0.0
,,,,,0.0
,,,,,0.0
,,,,,0.0
,,,,,0.0
,,,,,0.0
,,,,,0.0
,,,,,0.0
,,,,,0.0
,,,,,0.0
,,,,,0.0
,,,,,0.0
,,,,,0.0
,,,,,0.0
,,,,,0.0
,,,,,0.0
,,,,,0.0
,,,,,0.0
,,,,,0.0
,,,,,0.0
,,,,,0.0
,,,,,0.0
,,,,,0.0
,,,,,0.0
,,,,,0.0
,,,,,0.0
,,,,,0.0
,,,,,0.0
,,,,,0.0
,,,,,0.0
,,,,,0.0
,,,,,0.0
,,,,,0.0
,,,,,0.0
,,,,,0.0
,,,,,0.0
,,,,,0.0
,,,,,0.0
,,,,,0.0
,,,,,0.0
,,,,,0.0
,,,,,0.0
,,,,,0.0
,,,,,0.0
,,,,,0.0
,,,,,0.0
,,,,,0.0
,,,,,0.0
,,,,,0.0
,,,,,0.0
,,,,,0.0
,,,,,0.0
,,,,,0.0
,,,,,0.0
,,,,,0.0
,,,,,0.0
,,,,,0.0
,,,,,0.0
,,,,,0.0
,,,,,0.0
,,,,,0.0
,,,,,0.0
,,,,,0.0
,,,,,0.0
,,,,,0.0
,,,,,0.0
,,,,,0.0
,,,,,0.0
,,,,,0.0
,,,,,0.0
,,,,,0.0
,,,,,0.0
,,,,,0.0
,,,,,0.0
,,,,,0.0
,,,,,0.0
,,,,,0.0
,,,,,0.0
,,,,,0.0
,,,,,0.0
,,,,,0.0
,,,,,0.0
,,,,,0.0
,,,,,0.0
,,,,,0.0
,,,,,0.0
,,,,,0.0
,,,,,0.0
,,,,,0.0
,,,,,0.0
,,,,,0.0
,,,,,0.0
,,,,,0.0
,,,,,0.0
,,,,,0.0
,,,,,0.0
,,,,,0.0
,,,,,0.0
,,,,,0.0
,,,,,0.0
,,,,,0.0
,,,,,0.0
,,,,,0.0
,,,,,0.0
,,,,,0.0
,,,,,0.0
,,,,,0.0
,,,,,0.0
,,,,,0.0
,,,,,0.0
,,,,,0.0
,,,,,0.0
,,,,,0.0
,,,,,0.0
,,,,,0.0
,,,,,0.0
,,,,,0.0
,,,,,0.0
,,,,,0.0
,,,,,0.0
,,,,,0.0
,,,,,0.0
,,,,,0.0
,,,,,0.0
,,,,,0.0
,,,,,0.0
,,,,,0.0
,,,,,0.0
,,,,,0.0
,,,,,0.0
,,,,,0.0
,,,,,0.0
,,,,,0.0
,,,,,0.0
,,,,,0.0
,,,,,0.0
,,,,,0.0
,,,,,0.0
,,,,,0.0
,,,,,0.0
,,,,,0.0
,,,,,0.0
,,,,,0.0
,,,,,0.0
,,,,,0.0
,,,,,0.0
,,,,,0.0
,,,,,0.0
,,,,,0.0
,,,,,0.0
,,,,,0.0
,,,,,0.0
,,,,,0.0
,,,,,0.0
,,,,,0.0
,,,,,0.0
,,,,,0.0
,,,,,0.0
,,,,,0.0
,,,,,0.0
,,,,,0.0
,,,,,0.0
,,,,,0.0
,,,,,0.0
,,,,,0.0
,,,,,0.0
,,,,,0.0
,,,,,0.0
,,,,,0.0
,,,,,0.29352
,,,,,0.27715
,,,,,0.27646
,,,,,0.29228000000000004
,,,,,0.26850999999999997
,,,,,0.20853000000000002
,,,,,0.17026
,,,,,0.15996
,,,,,0.12138
,,,,,0.061078
,,,,,0.030935
,,,,,0.055097
,,,,,0.05435
,,,,,0.026487
,,,,,0.039249
,,,,,0.095861
,,,,,0.12124000000000001
,,,,,0.10577
,,,,,0.1215
,,,,,0.16969
,,,,,0.17554
,,,,,0.13785999999999998
,,,,,0.12964
,,,,,0.15124
,,,,,0.13212000000000002
,,,,,0.074522
,,,,,0.053267999999999996
,,,,,0.068219
,,,,,0.053826
,,,,,0.018928999999999998
,,,,,0.022289
,,,,,0.019704
,,,,,0.024868
,,,,,0.05631900000000001
,,,,,0.064821
,,,,,0.05128200000000001
,,,,,0.09284400000000001
,,,,,0.14362
,,,,,0.15072
,,,,,0.13197
,,,,,0.15534
,,,,,0.18402000000000002
,,,,,0.16253
,,,,,0.11710999999999999
,,,,,0.11732999999999999
,,,,,0.12015
,,,,,0.08178200000000001
,,,,,0.025935000000000003
,,,,,0.034161000000000004
,,,,,0.038787
,,,,,0.025588999999999997
,,,,,0.021875
,,,,,0.018461
,,,,,0.015474000000000002
,,,,,0.018881000000000002
,,,,,0.020166999999999997
,,,,,0.021334
,,,,,0.023296
,,,,,0.020502
,,,,,0.019811000000000002
,,,,,0.027018
,,,,,0.027195999999999998
,,,,,0.015956
,,,,,0.017223
,,,,,0.02597
,,,,,0.025122
,,,,,0.013744999999999999
,,,,,0.0083177
,,,,,0.021113
,,,,,0.027337
,,,,,0.021991999999999998
,,,,,0.014674000000000001
,,,,,0.025263
,,,,,0.028948
,,,,,0.02075
,,,,,0.019053999999999998
,,,,,0.025376
,,,,,0.020312
,,,,,0.0087083
,,,,,0.01785
,,,,,0.024338
,,,,,0.01792
,,,,,0.0068068
,,,,,0.020914
,,,,,0.028074
,,,,,0.020125999999999998
,,,,,0.021902
,,,,,0.030925
,,,,,0.025118
,,,,,0.022122
,,,,,0.03321
,,,,,0.040102
,,,,,0.042835000000000005
,,,,,0.026244999999999997
,,,,,0.047496
,,,,,0.10904000000000001
,,,,,0.15039
,,,,,0.16335999999999998
,,,,,0.19135
,,,,,0.25477
,,,,,0.29749000000000003
,,,,,0.28615
,,,,,0.26677
,,,,,0.28576
,,,,,0.27694
,,,,,0.21431999999999998
,,,,,0.15791
,,,,,0.13942000000000002
,,,,,0.10228
,,,,,0.035298
,,,,,0.051884000000000007
,,,,,0.06812
,,,,,0.037337
,,,,,0.039402
,,,,,0.053347000000000006
,,,,,0.044724
,,,,,0.020755000000000003
,,,,,0.010919
,,,,,0.007674500000000001
,,,,,0.012183
,,,,,0.037517
,,,,,0.054246
,,,,,0.05230800000000001
,,,,,0.034013999999999996
,,,,,0.029403
,,,,,0.061684
,,,,,0.080945
,,,,,0.072102
,,,,,0.047981
,,,,,0.046144
,,,,,0.055651
,,,,,0.045288
,,,,,0.01881
,,,,,0.0096596
,,,,,0.022633
,,,,,0.027264
,,,,,0.025514
,,,,,0.016850999999999998
,,,,,0.006218
,,,,,0.019678
,,,,,0.024662
,,,,,0.014597
,,,,,0.0093369
,,,,,0.026924
,,,,,0.026542000000000003
,,,,,0.014288999999999998
,,,,,0.011637999999999999
,,,,,0.029026
,,,,,0.033033
,,,,,0.019872
,,,,,0.008489499999999999
,,,,,0.020340999999999998
,,,,,0.027824
,,,,,0.022923
,,,,,0.010254000000000001
,,,,,0.013724
,,,,,0.02214
,,,,,0.0226
,,,,,0.017233000000000002
,,,,,0.011001
,,,,,0.010929000000000001
,,,,,0.019436000000000002
,,,,,0.022115
,,,,,0.017531
,,,,,0.0067536
,,,,,0.012994
,,,,,0.023601
,,,,,0.018691
,,,,,0.0087473
,,,,,0.0052333
,,,,,0.015694
,,,,,0.018987999999999998
,,,,,0.016849
,,,,,0.017043
,,,,,0.014827000000000002
,,,,,0.0099315
,,,,,0.018688999999999997
,,,,,0.027232
,,,,,0.026668999999999998
,,,,,0.01635
,,,,,0.0035948
,,,,,0.016499
,,,,,0.030943000000000002
,,,,,0.03753
,,,,,0.028301999999999997
,,,,,0.0022283000000000003
,,,,,0.028052999999999998
,,,,,0.043289
,,,,,0.032987999999999996
,,,,,0.010687
,,,,,0.015088999999999998
,,,,,0.019008
,,,,,0.026479000000000003
,,,,,0.025234
,,,,,0.017188
,,,,,0.054331
,,,,,0.095826
,,,,,0.11571
,,,,,0.13326
,,,,,0.18043
,,,,,0.22660999999999998
,,,,,0.23409000000000002
,,,,,0.2226
,,,,,0.23385
,,,,,0.24224
,,,,,0.20689000000000002
,,,,,0.15871
,,,,,0.13669
,,,,,0.12352
,,,,,0.087127
,,,,,0.035703
,,,,,0.022668
,,,,,0.034055
,,,,,0.026286
,,,,,0.035776999999999996
,,,,,0.051352999999999996
,,,,,0.038787999999999996
,,,,,0.042741
,,,,,0.1011
,,,,,0.13468
,,,,,0.12699000000000002
,,,,,0.14032999999999998
,,,,,0.1905
,,,,,0.20163
,,,,,0.16883
,,,,,0.15742
,,,,,0.17736
,,,,,0.15582000000000001
,,,,,0.098352
,,,,,0.07287300000000001
,,,,,0.081065
,,,,,0.059565999999999994
,,,,,0.017715
,,,,,0.019374000000000002
,,,,,0.022355
,,,,,0.02405
,,,,,0.052375
,,,,,0.059476
,,,,,0.04492
,,,,,0.079526
,,,,,0.1282
,,,,,0.13782
,,,,,0.1209
,,,,,0.1373
,,,,,0.16713
,,,,,0.15288
,,,,,0.11282
,,,,,0.10298
,,,,,0.11018
,,,,,0.082186
,,,,,0.034648000000000005
,,,,,0.027044
,,,,,0.035855
,,,,,0.022761
,,,,,0.010064
,,,,,0.018591
,,,,,0.021325
,,,,,0.0095719
,,,,,0.014115
,,,,,0.032072
,,,,,0.028213
,,,,,0.01553
,,,,,0.039886000000000005
,,,,,0.058574
,,,,,0.050289999999999994
,,,,,0.040601
,,,,,0.064653
,,,,,0.074975
,,,,,0.05545800000000001
,,,,,0.038443
,,,,,0.054640999999999995
,,,,,0.059690999999999994
,,,,,0.050992
,,,,,0.032136
,,,,,0.026274000000000002
,,,,,0.071885
,,,,,0.12392
,,,,,0.14238
,,,,,0.13255
,,,,,0.15953
,,,,,0.21220999999999998
,,,,,0.21824000000000002
,,,,,0.1811
,,,,,0.1748
,,,,,0.19430999999999998
,,,,,0.17306
,,,,,0.11510999999999999
,,,,,0.088426
,,,,,0.09695
,,,,,0.07634500000000001
,,,,,0.03286
,,,,,0.008952
,,,,,0.029092000000000003
,,,,,0.042444
,,,,,0.047236
,,,,,0.030506000000000002
,,,,,0.011886
,,,,,0.047456
,,,,,0.057396
,,,,,0.032695999999999996
,,,,,0.022374
,,,,,0.051559
,,,,,0.051862
,,,,,0.032744
,,,,,0.11925
,,,,,0.17857
,,,,,0.19684000000000001
,,,,,0.26232
,,,,,0.38511
,,,,,0.45477
,,,,,0.45895
,,,,,0.49187
,,,,,0.5519
,,,,,0.5360699999999999
,,,,,0.45377
,,,,,0.4077
,,,,,0.38768
,,,,,0.30613
,,,,,0.18542
,,,,,0.12809
,,,,,0.11483
,,,,,0.07055299999999999
,,,,,0.0080556
,,,,,0.0
,,,,,0.0
,,,,,0.0
,,,,,0.0
,,,,,0.0
,,,,,0.0
,,,,,0.0
,,,,,0.0
,,,,,0.0
,,,,,0.0
,,,,,0.0
,,,,,0.0
,,,,,0.0
,,,,,0.0
,,,,,0.0
,,,,,0.0
,,,,,0.0
,,,,,0.0
,,,,,0.0
,,,,,0.0
,,,,,0.0
,,,,,0.0
,,,,,0.0
,,,,,0.0
,,,,,0.0
,,,,,0.0
,,,,,0.0
,,,,,0.0
,,,,,0.0
,,,,,0.0
,,,,,0.0
,,,,,0.0
,,,,,0.0
,,,,,0.0
,,,,,0.0
,,,,,0.0
,,,,,0.0
,,,,,0.0
,,,,,0.0
,,,,,0.0
,,,,,0.0
,,,,,0.0
,,,,,0.0
,,,,,0.0
,,,,,0.0
,,,,,0.0
,,,,,0.0
,,,,,0.0
,,,,,0.0
,,,,,0.0
,,,,,0.0
,,,,,0.0
,,,,,0.0
,,,,,0.0
,,,,,0.0
,,,,,0.0
,,,,,0.0
,,,,,0.0
,,,,,0.0
,,,,,0.0
,,,,,0.0
,,,,,0.0
,,,,,0.0
,,,,,0.0
,,,,,0.0
,,,,,0.0
,,,,,0.0
,,,,,0.0
,,,,,0.0
,,,,,0.0
,,,,,0.0
,,,,,0.0
,,,,,0.0
,,,,,0.0
,,,,,0.0
,,,,,0.0
,,,,,0.0
,,,,,0.0
,,,,,0.0
,,,,,0.0
,,,,,0.0
,,,,,0.0
,,,,,0.0
,,,,,0.0
,,,,,0.0
,,,,,0.0
,,,,,0.0
,,,,,0.0
,,,,,0.0
,,,,,0.0
,,,,,0.0
,,,,,0.0
,,,,,0.0
,,,,,0.0
,,,,,0.0
,,,,,0.0
,,,,,0.0
,,,,,0.0
,,,,,0.0
,,,,,0.0
,,,,,0.0
,,,,,0.0
,,,,,0.0
,,,,,0.0
,,,,,0.0
,,,,,0.0
,,,,,0.0
,,,,,0.0
,,,,,0.0
,,,,,0.0
,,,,,0.0
,,,,,0.0
,,,,,0.0
,,,,,0.0
,,,,,0.0
,,,,,0.0
,,,,,0.0
,,,,,0.0
,,,,,0.0
,,,,,0.0
,,,,,0.0
,,,,,0.0
,,,,,0.0
,,,,,0.0
,,,,,0.0
,,,,,0.0
,,,,,0.0
,,,,,0.0
,,,,,0.0
,,,,,0.0
,,,,,0.0
,,,,,0.0
,,,,,0.0
,,,,,0.0
,,,,,0.0
,,,,,0.0
,,,,,0.0
,,,,,0.0
,,,,,0.0
,,,,,0.0
,,,,,0.0
,,,,,0.0
,,,,,0.0
,,,,,0.0
,,,,,0.0
,,,,,0.0
,,,,,0.0
,,,,,0.0
,,,,,0.0
,,,,,0.0
,,,,,0.0
,,,,,0.0
,,,,,0.0
,,,,,0.0
,,,,,0.0
,,,,,0.0
,,,,,0.0
,,,,,0.0
,,,,,0.0
,,,,,0.0
,,,,,0.0
,,,,,0.0
,,,,,0.0
,,,,,0.0
,,,,,0.0
,,,,,0.0
,,,,,0.0
,,,,,0.0
,,,,,0.0
,,,,,0.0
,,,,,0.0
,,,,,0.0
,,,,,0.0
,,,,,0.0
,,,,,0.0
,,,,,0.0
,,,,,0.0
,,,,,0.0
,,,,,0.0
,,,,,0.0
,,,,,0.0
,,,,,0.0
,,,,,0.0
,,,,,0.0
,,,,,0.0
,,,,,0.0
,,,,,0.0
,,,,,0.0
,,,,,0.0
,,,,,0.0
,,,,,0.0
,,,,,0.0
,,,,,0.0
,,,,,0.0
,,,,,0.0
,,,,,0.0
,,,,,0.0
,,,,,0.0
,,,,,0.0
,,,,,0.0
,,,,,0.0
,,,,,0.0
,,,,,0.0
,,,,,0.0
,,,,,0.0
,,,,,0.0
,,,,,0.0
,,,,,0.0
,,,,,0.0
,,,,,0.0
,,,,,0.0
,,,,,0.0
,,,,,0.0
,,,,,0.0
,,,,,0.0
,,,,,0.0
,,,,,0.0
,,,,,0.0
,,,,,0.0
,,,,,0.0
,,,,,0.0
,,,,,0.0
,,,,,0.0
,,,,,0.0
,,,,,0.0
,,,,,0.0
,,,,,0.0
,,,,,0.0
,,,,,0.0
,,,,,0.0
,,,,,0.0
,,,,,0.0
,,,,,0.0
,,,,,0.0
,,,,,0.0
,,,,,0.0
,,,,,0.0
,,,,,0.0
,,,,,0.0
,,,,,0.0
,,,,,0.0
,,,,,0.0
,,,,,0.0
,,,,,0.0
,,,,,0.0
,,,,,0.0
,,,,,0.061765999999999995
,,,,,0.049718
,,,,,0.054471000000000006
,,,,,0.054877999999999996
,,,,,0.0428
,,,,,0.054951
,,,,,0.028637
,,,,,0.050908
,,,,,0.012125
,,,,,0.040311
,,,,,0.006688800000000001
,,,,,0.036686
,,,,,0.030463
,,,,,0.016533000000000003
,,,,,0.05074
,,,,,0.020824000000000002
,,,,,0.076301
,,,,,0.055989
,,,,,0.086916
,,,,,0.088711
,,,,,0.078319
,,,,,0.10298
,,,,,0.057612000000000003
,,,,,0.092421
,,,,,0.040311
,,,,,0.061808
,,,,,0.036826
,,,,,0.027995
,,,,,0.032879000000000005
,,,,,0.015962
,,,,,0.026666000000000002
,,,,,0.031820999999999995
,,,,,0.009396700000000001
,,,,,0.044561
,,,,,0.014419
,,,,,0.062636
,,,,,0.053940999999999996
,,,,,0.073633
,,,,,0.091081
,,,,,0.072501
,,,,,0.11302999999999999
,,,,,0.065692
,,,,,0.10925
,,,,,0.063587
,,,,,0.078446
,,,,,0.060173000000000004
,,,,,0.037008
,,,,,0.048402999999999995
,,,,,0.01094
,,,,,0.034463
,,,,,0.017683
,,,,,0.017922999999999998
,,,,,0.019022
,,,,,0.016439
,,,,,0.020219
,,,,,0.015397999999999998
,,,,,0.017277
,,,,,0.018825
,,,,,0.012768999999999999
,,,,,0.021731999999999998
,,,,,0.011756
,,,,,0.018872999999999997
,,,,,0.018803999999999998
,,,,,0.012662
,,,,,0.024253
,,,,,0.010655
,,,,,0.025981
,,,,,0.015296
,,,,,0.023836000000000003
,,,,,0.018951
,,,,,0.022597
,,,,,0.019013
,,,,,0.021299000000000002
,,,,,0.016321000000000002
,,,,,0.019359
,,,,,0.0165
,,,,,0.016863
,,,,,0.019174
,,,,,0.016082
,,,,,0.019999
,,,,,0.019773
,,,,,0.019225
,,,,,0.022374
,,,,,0.016544
,,,,,0.017945
,,,,,0.016475999999999998
,,,,,0.011696
,,,,,0.018486000000000002
,,,,,0.011286
,,,,,0.019358
,,,,,0.016374
,,,,,0.019126
,,,,,0.036386
,,,,,0.0029035
,,,,,0.044393
,,,,,0.026271
,,,,,0.050508
,,,,,0.048357
,,,,,0.051073
,,,,,0.06163300000000001
,,,,,0.046015
,,,,,0.06747
,,,,,0.034602999999999995
,,,,,0.069194
,,,,,0.029522000000000003
,,,,,0.06363400000000001
,,,,,0.03153
,,,,,0.058927
,,,,,0.031616000000000005
,,,,,0.043169
,,,,,0.035019999999999996
,,,,,0.021462000000000002
,,,,,0.03536
,,,,,0.015169
,,,,,0.024752
,,,,,0.023112999999999998
,,,,,0.019773
,,,,,0.021774
,,,,,0.019523
,,,,,0.016496
,,,,,0.024066999999999998
,,,,,0.013421
,,,,,0.029023
,,,,,0.014609
,,,,,0.029435000000000003
,,,,,0.020154
,,,,,0.029081
,,,,,0.029744
,,,,,0.023199
,,,,,0.033788
,,,,,0.019546
,,,,,0.032496
,,,,,0.027576
,,,,,0.029356999999999998
,,,,,0.02924
,,,,,0.022754
,,,,,0.022831
,,,,,0.024371
,,,,,0.019056
,,,,,0.029910000000000003
,,,,,0.02284
,,,,,0.0316
,,,,,0.028129
,,,,,0.023181
,,,,,0.031313
,,,,,0.023277000000000003
,,,,,0.028304000000000003
,,,,,0.022546
,,,,,0.021034
,,,,,0.023661
,,,,,0.021746
,,,,,0.026661
,,,,,0.022040999999999998
,,,,,0.027188999999999998
,,,,,0.022522
,,,,,0.026374
,,,,,0.025832
,,,,,0.022106999999999998
,,,,,0.029358
,,,,,0.017258000000000003
,,,,,0.031466
,,,,,0.017184
,,,,,0.030867000000000002
,,,,,0.016327
,,,,,0.027533999999999996
,,,,,0.015424
,,,,,0.028987
,,,,,0.01764
,,,,,0.029073
,,,,,0.017495
,,,,,0.021278000000000002
,,,,,0.021569
,,,,,0.016547
,,,,,0.022781
,,,,,0.014425
,,,,,0.02288
,,,,,0.015314
,,,,,0.019352
,,,,,0.016718
,,,,,0.015961000000000003
,,,,,0.020249
,,,,,0.018007
,,,,,0.021931
,,,,,0.021254
,,,,,0.018632
,,,,,0.021453
,,,,,0.015295
,,,,,0.021462000000000002
,,,,,0.013819
,,,,,0.020779
,,,,,0.014881
,,,,,0.017371
,,,,,0.029075
,,,,,0.018477
,,,,,0.029293
,,,,,0.036114
,,,,,0.032708
,,,,,0.054811
,,,,,0.033344
,,,,,0.07022300000000001
,,,,,0.028796
,,,,,0.07194
,,,,,0.032187
,,,,,0.063922
,,,,,0.034679
,,,,,0.05405
,,,,,0.039276
,,,,,0.041765
,,,,,0.040331
,,,,,0.023896
,,,,,0.03659
,,,,,0.010295
,,,,,0.03497
,,,,,0.010705
,,,,,0.028569
,,,,,0.029331
,,,,,0.015025
,,,,,0.053692
,,,,,0.02355
,,,,,0.071229
,,,,,0.073264
,,,,,0.07657
,,,,,0.1114
,,,,,0.07369099999999999
,,,,,0.12262999999999999
,,,,,0.073501
,,,,,0.10105
,,,,,0.072693
,,,,,0.060328
,,,,,0.061702999999999994
,,,,,0.016606
,,,,,0.042277999999999996
,,,,,0.01516
,,,,,0.026792000000000003
,,,,,0.036197
,,,,,0.014963999999999998
,,,,,0.042214
,,,,,0.028294
,,,,,0.047865
,,,,,0.061328999999999995
,,,,,0.049437
,,,,,0.091023
,,,,,0.053828999999999995
,,,,,0.10217999999999999
,,,,,0.065831
,,,,,0.091007
,,,,,0.07485599999999999
,,,,,0.061503999999999996
,,,,,0.072281
,,,,,0.023451
,,,,,0.056663
,,,,,0.0092977
,,,,,0.037785
,,,,,0.022062000000000002
,,,,,0.02186
,,,,,0.021749
,,,,,0.019947
,,,,,0.021251
,,,,,0.019453
,,,,,0.02109
,,,,,0.018552000000000003
,,,,,0.027110000000000002
,,,,,0.014221000000000001
,,,,,0.031117000000000002
,,,,,0.015116
,,,,,0.026930000000000003
,,,,,0.023353
,,,,,0.018287
,,,,,0.029863
,,,,,0.012298
,,,,,0.029852999999999998
,,,,,0.016665
,,,,,0.034373
,,,,,0.033939
,,,,,0.026818
,,,,,0.060182000000000006
,,,,,0.029917000000000003
,,,,,0.091059
,,,,,0.053282
,,,,,0.10499000000000001
,,,,,0.090626
,,,,,0.090534
,,,,,0.11344000000000001
,,,,,0.0643
,,,,,0.10657
,,,,,0.045294
,,,,,0.078468
,,,,,0.042963999999999995
,,,,,0.039626
,,,,,0.039982
,,,,,0.017066
,,,,,0.034328
,,,,,0.023253
,,,,,0.028763999999999998
,,,,,0.024303
,,,,,0.028895
,,,,,0.024901
,,,,,0.030458999999999996
,,,,,0.024159
,,,,,0.026667000000000003
,,,,,0.024494
,,,,,0.024376
,,,,,0.022579
,,,,,0.048315
,,,,,0.017055
,,,,,0.094534
,,,,,0.093251
,,,,,0.16086
,,,,,0.19307
,,,,,0.22545
,,,,,0.27839
,,,,,0.26381
,,,,,0.31583
,,,,,0.2646
,,,,,0.29011
,,,,,0.22882
,,,,,0.21170999999999998
,,,,,0.16839
,,,,,0.11175
,,,,,0.1018
,,,,,0.031035000000000004
,,,,,0.052070000000000005
,,,,,0.0079992
,,,,,0.0
,,,,,0.0
,,,,,0.0
,,,,,0.0
,,,,,0.0
,,,,,0.0
,,,,,0.0
,,,,,0.0
,,,,,0.0
,,,,,0.0
,,,,,0.0
,,,,,0.0
,,,,,0.0
,,,,,0.0
,,,,,0.0
,,,,,0.0
,,,,,0.0
,,,,,0.0
,,,,,0.0
,,,,,0.0
,,,,,0.0
,,,,,0.0
,,,,,0.0
,,,,,0.0
,,,,,0.0
,,,,,0.0
,,,,,0.0
,,,,,0.0
,,,,,0.0
,,,,,0.0
,,,,,0.0
,,,,,0.0
,,,,,0.0
,,,,,0.0
,,,,,0.0
,,,,,0.0
,,,,,0.0
,,,,,0.0
,,,,,0.0
,,,,,0.0
,,,,,0.0
,,,,,0.0
,,,,,0.0
,,,,,0.0
,,,,,0.0
,,,,,0.0
,,,,,0.0
,,,,,0.0
,,,,,0.0
,,,,,0.0
,,,,,0.0
,,,,,0.0
,,,,,0.0
,,,,,0.0
,,,,,0.0
,,,,,0.0
,,,,,0.0
,,,,,0.0
,,,,,0.0
,,,,,0.0
,,,,,0.0
,,,,,0.0
,,,,,0.0
,,,,,0.0
,,,,,0.0
,,,,,0.0
,,,,,0.0
,,,,,0.0
,,,,,0.0
,,,,,0.0
,,,,,0.0
,,,,,0.0
,,,,,0.0
,,,,,0.0
,,,,,0.0
,,,,,0.0
,,,,,0.0
,,,,,0.0
,,,,,0.0
,,,,,0.0
,,,,,0.0
,,,,,0.0
,,,,,0.0
,,,,,0.0
,,,,,0.0
,,,,,0.0
,,,,,0.0
,,,,,0.0
,,,,,0.0
,,,,,0.0
,,,,,0.0
,,,,,0.0
,,,,,0.0
,,,,,0.0
,,,,,0.0
,,,,,0.0
,,,,,0.0
,,,,,0.0
,,,,,0.0
,,,,,0.0
,,,,,0.0
,,,,,0.0
,,,,,0.0
,,,,,0.0
,,,,,0.0
,,,,,0.0
,,,,,0.0
,,,,,0.0
,,,,,0.0
,,,,,0.0
,,,,,0.0
,,,,,0.0
,,,,,0.0
,,,,,0.0
,,,,,0.0
,,,,,0.0
,,,,,0.0
,,,,,0.0
,,,,,0.0
,,,,,0.0
,,,,,0.0
,,,,,0.0
,,,,,0.0
,,,,,0.0
,,,,,0.0
,,,,,0.0
,,,,,0.0
,,,,,0.0
,,,,,0.0
,,,,,0.0
,,,,,0.0
,,,,,0.0
,,,,,0.0
,,,,,0.0
,,,,,0.0
,,,,,0.0
,,,,,0.0
,,,,,0.0
,,,,,0.0
,,,,,0.0
,,,,,0.0
,,,,,0.0
,,,,,0.0
,,,,,0.0
,,,,,0.0
,,,,,0.0
,,,,,0.0
,,,,,0.0
,,,,,0.0
,,,,,0.0
,,,,,0.0
,,,,,0.0
,,,,,0.0
,,,,,0.0
,,,,,0.0
,,,,,0.0
,,,,,0.0
,,,,,0.0
,,,,,0.0
,,,,,0.0
,,,,,0.0
,,,,,0.0
,,,,,0.0
,,,,,0.0
,,,,,0.0
,,,,,0.0
,,,,,0.0
,,,,,0.0
,,,,,0.0
,,,,,0.0
,,,,,0.0
,,,,,0.0
,,,,,0.0
,,,,,0.0
,,,,,0.0
,,,,,0.0
,,,,,0.0
,,,,,0.0
,,,,,0.0
,,,,,0.0
,,,,,0.0
,,,,,0.0
,,,,,0.0
,,,,,0.0
,,,,,0.0
,,,,,0.0
,,,,,0.0
,,,,,0.0
,,,,,0.0
,,,,,0.0
,,,,,0.0
,,,,,0.0
,,,,,0.0
,,,,,0.0
,,,,,0.0
,,,,,0.0
,,,,,0.0
,,,,,0.0
,,,,,0.0
,,,,,0.0
,,,,,0.0
,,,,,0.0
,,,,,0.0
,,,,,0.0
,,,,,0.0
,,,,,0.0
,,,,,0.0
,,,,,0.0
,,,,,0.0
,,,,,0.0
,,,,,0.0
,,,,,0.0
,,,,,0.0
,,,,,0.0
,,,,,0.0
,,,,,0.0
,,,,,0.0
,,,,,0.0
,,,,,0.0
,,,,,0.0
,,,,,0.0
,,,,,0.0
,,,,,0.0
,,,,,0.0
,,,,,0.0
,,,,,0.0
,,,,,0.0
,,,,,0.0
,,,,,0.0
,,,,,0.0
,,,,,0.0
,,,,,0.0
,,,,,0.0
,,,,,0.0
,,,,,0.0
,,,,,0.0
,,,,,0.0
,,,,,0.0
,,,,,0.0
,,,,,0.0
,,,,,0.0
,,,,,0.0
,,,,,0.0
,,,,,0.0
,,,,,0.0
,,,,,0.0
